data;id_compra;loja;vendedor;produto;cliente_nome;cliente_genero;forma_pagamento
2025-08-30 13:08:36.183045;0;São Paulo;Ana Oliveira;Tablet Apple Ipad;Jose Roldan;masculino;dinheiro
2025-08-30 14:33:43.615471;1;Florianópolis;Tiago Lima;Fone de Ouvido Sony;Ann Newman;feminino;dinheiro
2025-08-30 15:49:39.462671;2;Belo Horizonte;Fernanda Costa;Smartphone Samsung Galaxy;Kenneth Kinser;masculino;cartão de crédito
2025-08-30 16:17:38.079900;3;Porto Alegre;Roberto Ferreira;Smartwatch Garmin;David Willett;masculino;cartão de crédito
2025-08-30 18:03:41.149522;4;São Paulo;Lucas Pereira;Smartphone Samsung Galaxy;Peter Maille;masculino;pix
2025-08-30 18:05:36.077729;5;Florianópolis;Tiago Lima;Smartphone Samsung Galaxy;Thomas Minyard;masculino;dinheiro
2025-08-31 12:49:39.555693;6;Florianópolis;Tiago Lima;Smartwatch Garmin;Christopher Krob;masculino;pix
2025-08-31 13:26:35.556844;7;Rio de Janeiro;Juliana Almeida;Notebook Dell Inspiron;Alvaro Kersey;masculino;boleto
2025-08-31 21:21:42.031820;8;Porto Alegre;Mariana Gomes;Notebook Dell Inspiron;Erica Hodson;feminino;boleto
2025-08-31 21:34:36.929837;9;Rio de Janeiro;Juliana Almeida;Smartwatch Garmin;Ted Young;masculino;boleto
2025-09-01 12:57:39.538299;10;Florianópolis;Gabriela Santos;Notebook Dell Inspiron;Edward Quintal;masculino;dinheiro
2025-09-01 15:42:36.485808;11;Florianópolis;Tiago Lima;Fone de Ouvido Sony;Katherine Pope;feminino;dinheiro
2025-09-01 17:22:39.474760;12;Belo Horizonte;Fernanda Costa;Fone de Ouvido Sony;Peggy Corona;feminino;pix
2025-09-01 19:43:37.139005;13;Belo Horizonte;Carlos Silva;Smartphone Samsung Galaxy;Claire Shiever;feminino;cartão de crédito
2025-09-01 23:01:45.466713;14;Belo Horizonte;Carlos Silva;Smartwatch Garmin;Aaron Wright;masculino;cartão de crédito
2025-09-02 13:42:40.145632;15;Porto Alegre;Roberto Ferreira;Smartwatch Garmin;Traci Folmer;feminino;dinheiro
2025-09-02 15:24:44.220664;16;São Paulo;Ana Oliveira;Smartwatch Garmin;Lewis Tang;masculino;boleto
2025-09-02 15:45:35.341250;17;Belo Horizonte;Fernanda Costa;Smartwatch Garmin;Isabel Echols;feminino;dinheiro
2025-09-02 15:48:39.553958;18;São Paulo;Ana Oliveira;Smartwatch Garmin;Samuel Mireles;masculino;cartão de crédito
2025-09-02 16:16:36.420595;19;Rio de Janeiro;Juliana Almeida;Notebook Dell Inspiron;Christine Aquino;feminino;cartão de crédito
2025-09-02 16:28:40.351136;20;Florianópolis;Tiago Lima;Notebook Dell Inspiron;John Luis;masculino;cartão de crédito
2025-09-02 16:59:40.754489;21;Florianópolis;Tiago Lima;Fone de Ouvido Sony;Bryant Williams;masculino;dinheiro
2025-09-02 17:36:36.549656;22;Porto Alegre;Mariana Gomes;Fone de Ouvido Sony;Jame Rendon;masculino;boleto
2025-09-02 17:44:44.886970;23;Belo Horizonte;Carlos Silva;Fone de Ouvido Sony;Christine Chadwick;feminino;dinheiro
2025-09-02 21:21:37.241298;24;São Paulo;Ana Oliveira;Tablet Apple Ipad;Michelle Fink;feminino;boleto
2025-09-03 14:14:38.636836;25;Belo Horizonte;Fernanda Costa;Fone de Ouvido Sony;Ray Richardson;masculino;dinheiro
2025-09-03 14:51:41.099376;26;Belo Horizonte;Carlos Silva;Notebook Dell Inspiron;Brian Goehner;masculino;cartão de crédito
2025-09-03 16:07:35.382065;27;Porto Alegre;Mariana Gomes;Fone de Ouvido Sony;Christie Wilson;feminino;dinheiro
2025-09-03 16:47:40.479330;28;Porto Alegre;Mariana Gomes;Fone de Ouvido Sony;Amanda Daniels;feminino;cartão de crédito
2025-09-03 17:51:42.424740;29;Rio de Janeiro;Juliana Almeida;Fone de Ouvido Sony;Steven Blair;masculino;pix
2025-09-03 18:52:35.739888;30;Rio de Janeiro;Pedro Souza;Smartwatch Garmin;Lorene Lane;feminino;cartão de crédito
2025-09-03 20:32:39.056550;31;São Paulo;Ana Oliveira;Tablet Apple Ipad;Lynne Bramer;feminino;boleto
2025-09-03 20:45:41.039299;32;Belo Horizonte;Fernanda Costa;Smartphone Samsung Galaxy;Jason Scates;masculino;pix
2025-09-03 22:14:45.384484;33;Belo Horizonte;Carlos Silva;Notebook Dell Inspiron;Lillian Steffan;feminino;cartão de crédito
2025-09-04 13:55:43.929076;34;Belo Horizonte;Carlos Silva;Smartphone Samsung Galaxy;Matthew Phillis;masculino;dinheiro
2025-09-04 15:04:42.867307;35;Porto Alegre;Roberto Ferreira;Fone de Ouvido Sony;Kelley Vick;feminino;cartão de crédito
2025-09-04 16:07:37.752662;36;Porto Alegre;Roberto Ferreira;Fone de Ouvido Sony;Jose Macri;masculino;boleto
2025-09-04 17:14:35.366541;37;Rio de Janeiro;Pedro Souza;Notebook Dell Inspiron;Irene Morin;feminino;pix
2025-09-04 18:26:44.218505;38;Rio de Janeiro;Juliana Almeida;Fone de Ouvido Sony;James Gonzales;masculino;dinheiro
2025-09-04 19:28:38.512061;39;São Paulo;Lucas Pereira;Notebook Dell Inspiron;Kimberly Watts;feminino;dinheiro
2025-09-05 17:31:38.404753;40;Porto Alegre;Roberto Ferreira;Notebook Dell Inspiron;Richard Chronis;masculino;boleto
2025-09-05 17:31:44.049136;41;Florianópolis;Tiago Lima;Notebook Dell Inspiron;Ernie Roberto;masculino;dinheiro
2025-09-05 18:44:38.776996;42;Belo Horizonte;Fernanda Costa;Fone de Ouvido Sony;Ellis Kiser;masculino;dinheiro
2025-09-05 19:13:37.300594;43;Porto Alegre;Roberto Ferreira;Notebook Dell Inspiron;Misty Ball;feminino;boleto
2025-09-05 19:35:39.896653;44;Belo Horizonte;Fernanda Costa;Tablet Apple Ipad;Seymour Osborne;masculino;cartão de crédito
2025-09-05 21:26:42.996412;45;Belo Horizonte;Fernanda Costa;Notebook Dell Inspiron;Wendy Hart;feminino;cartão de crédito
2025-09-05 22:24:41.398710;46;São Paulo;Ana Oliveira;Smartphone Samsung Galaxy;Victor Gaines;masculino;boleto
2025-09-06 13:35:37.074481;47;São Paulo;Ana Oliveira;Smartphone Samsung Galaxy;Erna Anderson;feminino;dinheiro
2025-09-06 15:12:35.753847;48;Porto Alegre;Roberto Ferreira;Smartwatch Garmin;Suzanne Torres;feminino;cartão de crédito
2025-09-06 15:28:35.754464;49;São Paulo;Ana Oliveira;Smartwatch Garmin;Dexter Kunze;masculino;cartão de crédito
2025-09-06 15:30:41.464096;50;Porto Alegre;Mariana Gomes;Tablet Apple Ipad;Diana Walker;feminino;boleto
2025-09-06 17:31:37.095332;51;São Paulo;Lucas Pereira;Smartphone Samsung Galaxy;Clayton Miranda;masculino;pix
2025-09-06 17:35:39.439613;52;Rio de Janeiro;Pedro Souza;Notebook Dell Inspiron;Justin Chase;masculino;boleto
2025-09-06 17:49:42.208708;53;São Paulo;Lucas Pereira;Tablet Apple Ipad;Frances Lawson;feminino;boleto
2025-09-06 20:15:43.827374;54;São Paulo;Ana Oliveira;Notebook Dell Inspiron;Dorothy Bouley;feminino;dinheiro
2025-09-06 22:43:40.732125;55;Belo Horizonte;Fernanda Costa;Fone de Ouvido Sony;Annie Jacobs;feminino;pix
2025-09-07 12:47:35.830497;56;Florianópolis;Gabriela Santos;Fone de Ouvido Sony;Leanne Cass;feminino;boleto
2025-09-07 15:15:41.837262;57;Porto Alegre;Roberto Ferreira;Smartwatch Garmin;Patricia Reid;feminino;cartão de crédito
2025-09-07 15:22:39.886096;58;São Paulo;Ana Oliveira;Smartphone Samsung Galaxy;Niesha Brown;feminino;dinheiro
2025-09-07 17:22:41.781590;59;Belo Horizonte;Fernanda Costa;Smartwatch Garmin;Kimberly English;feminino;dinheiro
2025-09-07 18:20:40.357169;60;Rio de Janeiro;Pedro Souza;Notebook Dell Inspiron;Wayne Daniel;masculino;dinheiro
2025-09-07 22:05:35.357676;61;São Paulo;Lucas Pereira;Notebook Dell Inspiron;Ida Brown;feminino;boleto
2025-09-08 13:04:38.321964;62;São Paulo;Ana Oliveira;Smartwatch Garmin;Letha Cutright;feminino;dinheiro
2025-09-08 13:29:45.105328;63;Florianópolis;Gabriela Santos;Fone de Ouvido Sony;Bo Mckenzie;masculino;dinheiro
2025-09-08 13:58:38.913045;64;Belo Horizonte;Carlos Silva;Tablet Apple Ipad;Amos Fratus;masculino;cartão de crédito
2025-09-08 14:36:35.342611;65;Florianópolis;Tiago Lima;Fone de Ouvido Sony;Scot Ruiz;masculino;cartão de crédito
2025-09-08 17:32:43.822104;66;São Paulo;Lucas Pereira;Notebook Dell Inspiron;Paula Basham;feminino;boleto
2025-09-08 19:02:40.205505;67;Porto Alegre;Mariana Gomes;Smartwatch Garmin;Cecil Holland;masculino;boleto
2025-09-08 20:30:39.960220;68;Rio de Janeiro;Juliana Almeida;Smartwatch Garmin;Timothy Corona;masculino;pix
2025-09-08 21:12:37.707006;69;São Paulo;Ana Oliveira;Notebook Dell Inspiron;Deborah Johnson;feminino;pix
2025-09-08 21:52:39.795110;70;Porto Alegre;Mariana Gomes;Fone de Ouvido Sony;James Hobbs;masculino;cartão de crédito
2025-09-08 22:42:35.273274;71;São Paulo;Lucas Pereira;Fone de Ouvido Sony;Stanley Garrett;masculino;boleto
2025-09-08 23:02:39.771961;72;Porto Alegre;Roberto Ferreira;Fone de Ouvido Sony;Cynthia Young;feminino;dinheiro
2025-09-09 12:41:35.360427;73;São Paulo;Ana Oliveira;Notebook Dell Inspiron;Jill Sanner;feminino;dinheiro
2025-09-09 15:46:36.718771;74;Florianópolis;Tiago Lima;Smartphone Samsung Galaxy;Nicholas Aguilar;masculino;dinheiro
2025-09-09 16:43:39.593476;75;Belo Horizonte;Fernanda Costa;Smartwatch Garmin;Deborah Richardson;feminino;cartão de crédito
2025-09-09 21:03:44.237622;76;Belo Horizonte;Carlos Silva;Notebook Dell Inspiron;Daniel Hicks;masculino;cartão de crédito
2025-09-10 12:26:36.316737;77;Porto Alegre;Roberto Ferreira;Smartwatch Garmin;Dennis Gilmore;masculino;cartão de crédito
2025-09-10 17:40:40.538680;78;Florianópolis;Gabriela Santos;Fone de Ouvido Sony;Lisa Boudreaux;feminino;cartão de crédito
2025-09-10 21:21:42.875179;79;Porto Alegre;Roberto Ferreira;Notebook Dell Inspiron;Kimberly Hutchison;feminino;cartão de crédito
2025-09-11 13:03:43.489228;80;Rio de Janeiro;Pedro Souza;Fone de Ouvido Sony;James Ferreira;masculino;dinheiro
2025-09-11 13:12:40.888988;81;Florianópolis;Tiago Lima;Smartphone Samsung Galaxy;Carolyn Carter;feminino;boleto
2025-09-11 15:15:39.811221;82;São Paulo;Ana Oliveira;Smartphone Samsung Galaxy;Rhoda Reagan;feminino;pix
2025-09-11 17:16:41.645471;83;São Paulo;Lucas Pereira;Notebook Dell Inspiron;Rafael Daniell;masculino;boleto
2025-09-11 19:19:45.845686;84;Belo Horizonte;Carlos Silva;Smartphone Samsung Galaxy;Irene Fischer;feminino;pix
2025-09-11 19:34:37.137497;85;Rio de Janeiro;Juliana Almeida;Smartphone Samsung Galaxy;Romeo Day;masculino;boleto
2025-09-11 21:40:39.366739;86;Florianópolis;Tiago Lima;Smartwatch Garmin;Denny Yeoman;masculino;boleto
2025-09-12 14:03:36.413460;87;Rio de Janeiro;Juliana Almeida;Smartphone Samsung Galaxy;Marcus Brooks;masculino;cartão de crédito
2025-09-12 22:56:40.805802;88;Florianópolis;Tiago Lima;Notebook Dell Inspiron;Monte Malone;masculino;cartão de crédito
2025-09-13 17:34:40.754976;89;Belo Horizonte;Fernanda Costa;Tablet Apple Ipad;Margaret Murillo;feminino;pix
2025-09-13 19:24:37.975452;90;Belo Horizonte;Fernanda Costa;Notebook Dell Inspiron;Ann Malone;feminino;cartão de crédito
2025-09-13 19:43:42.085243;91;Porto Alegre;Roberto Ferreira;Notebook Dell Inspiron;Ricardo Big;masculino;cartão de crédito
2025-09-13 20:34:43.362244;92;Florianópolis;Gabriela Santos;Fone de Ouvido Sony;Joe Purifoy;masculino;cartão de crédito
2025-09-13 22:50:40.801388;93;São Paulo;Ana Oliveira;Smartwatch Garmin;James Horsley;masculino;dinheiro
2025-09-14 13:37:40.731732;94;Florianópolis;Tiago Lima;Smartwatch Garmin;Margaret Cooper;feminino;cartão de crédito
2025-09-14 16:56:39.338909;95;Florianópolis;Gabriela Santos;Smartphone Samsung Galaxy;Lauren Shankle;feminino;boleto
2025-09-14 16:57:39.026792;96;Rio de Janeiro;Pedro Souza;Tablet Apple Ipad;Dorothy Martz;feminino;dinheiro
2025-09-14 20:07:40.143067;97;Belo Horizonte;Carlos Silva;Fone de Ouvido Sony;Kristyn Salmon;feminino;cartão de crédito
2025-09-14 21:34:37.822677;98;São Paulo;Lucas Pereira;Fone de Ouvido Sony;Deanna Simila;feminino;dinheiro
2025-09-15 14:15:36.713865;99;Florianópolis;Tiago Lima;Fone de Ouvido Sony;Patrick Wofford;masculino;dinheiro
2025-09-15 18:01:36.723237;100;Belo Horizonte;Carlos Silva;Fone de Ouvido Sony;John Hayes;masculino;pix
2025-09-15 20:10:45.803958;101;Porto Alegre;Mariana Gomes;Tablet Apple Ipad;Rebecca Head;feminino;dinheiro
2025-09-15 20:57:39.025584;102;Belo Horizonte;Carlos Silva;Smartphone Samsung Galaxy;Maria Barnes;feminino;cartão de crédito
2025-09-16 13:56:38.900576;103;Belo Horizonte;Carlos Silva;Tablet Apple Ipad;Ernie Rappold;masculino;cartão de crédito
2025-09-16 14:12:38.982975;104;Belo Horizonte;Fernanda Costa;Smartphone Samsung Galaxy;Daniel Baldwin;masculino;dinheiro
2025-09-16 14:33:41.463696;105;Rio de Janeiro;Pedro Souza;Notebook Dell Inspiron;Daniel Rogers;masculino;boleto
2025-09-16 15:24:45.054243;106;Belo Horizonte;Fernanda Costa;Tablet Apple Ipad;Vickie Espinoza;feminino;boleto
2025-09-16 15:32:44.222547;107;Belo Horizonte;Carlos Silva;Smartwatch Garmin;Damaris Washington;feminino;dinheiro
2025-09-16 16:08:38.630560;108;Rio de Janeiro;Pedro Souza;Smartphone Samsung Galaxy;Cleo Rosen;masculino;boleto
2025-09-16 17:26:37.536817;109;São Paulo;Lucas Pereira;Tablet Apple Ipad;Mary Jackson;feminino;pix
2025-09-16 18:19:38.609440;110;Porto Alegre;Roberto Ferreira;Smartwatch Garmin;Mary Snow;feminino;boleto
2025-09-16 18:38:44.327867;111;Rio de Janeiro;Pedro Souza;Smartwatch Garmin;Martha Reese;feminino;boleto
2025-09-16 21:07:37.232524;112;Rio de Janeiro;Pedro Souza;Fone de Ouvido Sony;Dawn Arnold;feminino;dinheiro
2025-09-16 21:30:39.641495;113;Belo Horizonte;Carlos Silva;Notebook Dell Inspiron;Victoria Curnutte;feminino;boleto
2025-09-16 22:04:35.451010;114;Belo Horizonte;Carlos Silva;Notebook Dell Inspiron;Brian Estrada;masculino;dinheiro
2025-09-16 23:00:35.985423;115;Florianópolis;Tiago Lima;Tablet Apple Ipad;Letty Dieguez;feminino;boleto
2025-09-17 16:33:37.791345;116;Belo Horizonte;Carlos Silva;Smartphone Samsung Galaxy;Consuelo Phipps;feminino;cartão de crédito
2025-09-17 17:08:41.336252;117;Belo Horizonte;Carlos Silva;Smartwatch Garmin;Patrice Valcourt;feminino;pix
2025-09-17 17:13:42.048191;118;Porto Alegre;Roberto Ferreira;Notebook Dell Inspiron;David Petti;masculino;boleto
2025-09-17 18:09:40.660194;119;Florianópolis;Gabriela Santos;Notebook Dell Inspiron;William Williams;masculino;cartão de crédito
2025-09-17 19:38:35.811443;120;Rio de Janeiro;Juliana Almeida;Fone de Ouvido Sony;Arianne Miller;feminino;dinheiro
2025-09-17 20:59:38.038565;121;Florianópolis;Tiago Lima;Tablet Apple Ipad;Michael Mccafferty;masculino;pix
2025-09-18 13:57:45.169013;122;Florianópolis;Gabriela Santos;Smartwatch Garmin;Sydney Moseley;feminino;boleto
2025-09-18 15:10:37.097384;123;São Paulo;Ana Oliveira;Notebook Dell Inspiron;Dawn Davis;feminino;cartão de crédito
2025-09-18 18:22:39.812825;124;São Paulo;Lucas Pereira;Smartwatch Garmin;Sheena Gilchrist;feminino;pix
2025-09-18 18:39:38.106881;125;Rio de Janeiro;Pedro Souza;Smartwatch Garmin;Jerome Whittaker;masculino;cartão de crédito
2025-09-18 19:26:36.051263;126;Florianópolis;Gabriela Santos;Tablet Apple Ipad;Joyce Saumier;feminino;pix
2025-09-18 20:46:37.508553;127;Belo Horizonte;Fernanda Costa;Smartphone Samsung Galaxy;Linda Penalosa;feminino;pix
2025-09-18 21:23:38.857347;128;Belo Horizonte;Fernanda Costa;Smartphone Samsung Galaxy;Joy Angotti;feminino;pix
2025-09-18 22:18:43.369792;129;Belo Horizonte;Fernanda Costa;Notebook Dell Inspiron;Ronald Phillips;masculino;dinheiro
2025-09-18 23:04:40.413465;130;Florianópolis;Gabriela Santos;Smartwatch Garmin;Charles Mendoza;masculino;pix
2025-09-18 23:14:42.834410;131;Florianópolis;Tiago Lima;Tablet Apple Ipad;Charlie Gonzales;masculino;pix
2025-09-19 13:23:36.482017;132;São Paulo;Lucas Pereira;Smartphone Samsung Galaxy;Ruth Valentine;feminino;dinheiro
2025-09-20 12:38:39.387694;133;Florianópolis;Gabriela Santos;Notebook Dell Inspiron;Lisa Porterfield;feminino;boleto
2025-09-20 13:17:40.071856;134;Porto Alegre;Roberto Ferreira;Fone de Ouvido Sony;Cynthia Dawson;feminino;pix
2025-09-20 15:40:45.752801;135;Florianópolis;Gabriela Santos;Smartwatch Garmin;Adeline Berry;feminino;boleto
2025-09-20 15:51:45.943757;136;São Paulo;Ana Oliveira;Tablet Apple Ipad;Larry Myers;masculino;pix
2025-09-20 17:10:44.244556;137;Porto Alegre;Roberto Ferreira;Smartwatch Garmin;Janet Warner;feminino;boleto
2025-09-20 17:50:45.617000;138;Rio de Janeiro;Juliana Almeida;Notebook Dell Inspiron;Rodolfo Pentz;masculino;cartão de crédito
2025-09-20 20:13:40.963425;139;Rio de Janeiro;Juliana Almeida;Smartwatch Garmin;Earl Luvene;masculino;dinheiro
2025-09-20 21:59:43.997414;140;Porto Alegre;Mariana Gomes;Smartphone Samsung Galaxy;Randall Gorman;masculino;cartão de crédito
2025-09-21 14:05:42.657972;141;Porto Alegre;Roberto Ferreira;Tablet Apple Ipad;Michael Miller;masculino;boleto
2025-09-21 16:17:36.814867;142;Rio de Janeiro;Pedro Souza;Notebook Dell Inspiron;Isabella Rodriguez;feminino;boleto
2025-09-21 16:22:36.563760;143;Porto Alegre;Roberto Ferreira;Smartwatch Garmin;Edna Seaton;feminino;boleto
2025-09-21 16:33:39.478315;144;Florianópolis;Gabriela Santos;Fone de Ouvido Sony;Michelle Barnes;feminino;boleto
2025-09-21 19:37:35.659491;145;Florianópolis;Gabriela Santos;Smartphone Samsung Galaxy;Margaret Kilpatrick;feminino;cartão de crédito
2025-09-22 12:45:41.811845;146;Belo Horizonte;Fernanda Costa;Notebook Dell Inspiron;Kelly Antonio;masculino;cartão de crédito
2025-09-22 16:03:44.875651;147;Rio de Janeiro;Juliana Almeida;Smartwatch Garmin;Mary Ostrander;feminino;dinheiro
2025-09-22 16:36:41.524790;148;Porto Alegre;Mariana Gomes;Smartphone Samsung Galaxy;Gale Foltz;feminino;boleto
2025-09-22 16:40:40.698811;149;Belo Horizonte;Fernanda Costa;Smartwatch Garmin;Dale Akers;masculino;cartão de crédito
2025-09-22 17:03:37.114265;150;Porto Alegre;Roberto Ferreira;Smartphone Samsung Galaxy;Christal Gonzales;feminino;boleto
2025-09-22 20:40:42.017794;151;São Paulo;Lucas Pereira;Smartwatch Garmin;Robert Toft;masculino;dinheiro
2025-09-23 13:07:41.932324;152;Rio de Janeiro;Pedro Souza;Smartphone Samsung Galaxy;Clarence Barocio;masculino;pix
2025-09-23 15:51:41.826561;153;Florianópolis;Tiago Lima;Smartwatch Garmin;Malik Hurley;masculino;boleto
2025-09-23 16:36:36.565782;154;São Paulo;Ana Oliveira;Smartwatch Garmin;Katie Walker;feminino;cartão de crédito
2025-09-23 21:47:35.873614;155;Florianópolis;Tiago Lima;Tablet Apple Ipad;Michael Massa;masculino;dinheiro
2025-09-24 13:17:36.853003;156;Rio de Janeiro;Pedro Souza;Smartphone Samsung Galaxy;Tatiana Ladue;feminino;boleto
2025-09-24 15:36:36.182775;157;Porto Alegre;Roberto Ferreira;Notebook Dell Inspiron;Harold Taylor;masculino;pix
2025-09-24 19:39:38.500085;158;Belo Horizonte;Carlos Silva;Fone de Ouvido Sony;Tony Atwood;masculino;boleto
2025-09-24 19:43:35.553944;159;Belo Horizonte;Fernanda Costa;Fone de Ouvido Sony;Margaret Packard;feminino;boleto
2025-09-24 20:01:39.005638;160;Florianópolis;Tiago Lima;Notebook Dell Inspiron;Florene Welch;feminino;dinheiro
2025-09-24 23:01:41.696994;161;São Paulo;Ana Oliveira;Smartphone Samsung Galaxy;Javier Borjon;masculino;pix
2025-09-25 13:57:40.762824;162;São Paulo;Lucas Pereira;Fone de Ouvido Sony;Paul Anglemyer;masculino;dinheiro
2025-09-25 15:10:44.800473;163;Belo Horizonte;Carlos Silva;Smartphone Samsung Galaxy;Darlene Wilkes;feminino;pix
2025-09-26 12:31:37.759128;164;Belo Horizonte;Fernanda Costa;Smartwatch Garmin;Maria Matava;feminino;pix
2025-09-26 13:10:36.815645;165;Porto Alegre;Roberto Ferreira;Notebook Dell Inspiron;Sheena Herndon;feminino;boleto
2025-09-26 14:23:42.461789;166;São Paulo;Ana Oliveira;Fone de Ouvido Sony;Joyce Botto;feminino;dinheiro
2025-09-27 16:45:44.086513;167;Rio de Janeiro;Juliana Almeida;Notebook Dell Inspiron;Tim Holland;masculino;dinheiro
2025-09-27 22:43:40.881917;168;Belo Horizonte;Fernanda Costa;Tablet Apple Ipad;Robert Havel;masculino;pix
2025-09-27 23:17:44.103907;169;São Paulo;Ana Oliveira;Notebook Dell Inspiron;Mary Gehling;feminino;dinheiro
2025-09-28 14:55:44.048636;170;Rio de Janeiro;Juliana Almeida;Tablet Apple Ipad;Marian Miller;feminino;boleto
2025-09-28 18:14:39.860478;171;Porto Alegre;Roberto Ferreira;Fone de Ouvido Sony;Glenda Robinette;feminino;boleto
2025-09-28 19:25:38.493162;172;Porto Alegre;Roberto Ferreira;Fone de Ouvido Sony;Jeanette Valdez;feminino;dinheiro
2025-09-28 20:39:36.491959;173;Belo Horizonte;Fernanda Costa;Smartphone Samsung Galaxy;Tim Lewis;masculino;boleto
2025-09-28 22:11:42.678106;174;Florianópolis;Gabriela Santos;Fone de Ouvido Sony;Jerry Kneser;masculino;dinheiro
2025-09-29 15:51:42.788593;175;São Paulo;Lucas Pereira;Smartphone Samsung Galaxy;Arthur Suggs;masculino;pix
2025-09-29 16:47:40.162574;176;Rio de Janeiro;Pedro Souza;Fone de Ouvido Sony;Donald Saxon;masculino;pix
2025-09-29 21:28:43.984321;177;Rio de Janeiro;Juliana Almeida;Smartphone Samsung Galaxy;Wendy Hughes;feminino;dinheiro
2025-09-30 14:20:35.761891;178;Belo Horizonte;Fernanda Costa;Tablet Apple Ipad;Michael Cacho;masculino;cartão de crédito
2025-09-30 14:23:41.744793;179;São Paulo;Lucas Pereira;Smartphone Samsung Galaxy;Jennifer Ortiz;feminino;cartão de crédito
2025-09-30 15:02:42.059005;180;Florianópolis;Gabriela Santos;Tablet Apple Ipad;Shannon Hall;masculino;dinheiro
2025-09-30 15:07:45.789960;181;Porto Alegre;Roberto Ferreira;Notebook Dell Inspiron;Vincent Brink;masculino;pix
2025-09-30 15:36:40.551466;182;São Paulo;Ana Oliveira;Smartwatch Garmin;Donna Albert;feminino;cartão de crédito
2025-09-30 16:52:43.927967;183;São Paulo;Ana Oliveira;Smartphone Samsung Galaxy;Susan Perez;feminino;dinheiro
2025-09-30 17:00:36.487037;184;São Paulo;Ana Oliveira;Tablet Apple Ipad;Winona Anderson;feminino;cartão de crédito
2025-09-30 17:44:45.636392;185;Rio de Janeiro;Pedro Souza;Fone de Ouvido Sony;Mary Seling;feminino;pix
2025-09-30 19:54:38.108481;186;Porto Alegre;Roberto Ferreira;Tablet Apple Ipad;Loren Cannaday;masculino;boleto
2025-09-30 20:10:41.913474;187;Porto Alegre;Roberto Ferreira;Smartwatch Garmin;Robby Li;masculino;dinheiro
2025-09-30 20:16:44.744814;188;São Paulo;Ana Oliveira;Smartphone Samsung Galaxy;Cindy Motte;feminino;boleto
2025-09-30 21:30:42.178427;189;Belo Horizonte;Carlos Silva;Tablet Apple Ipad;Christie Bella;feminino;boleto
2025-09-30 21:44:39.885785;190;Rio de Janeiro;Juliana Almeida;Tablet Apple Ipad;Mabel Robinson;feminino;pix
2025-09-30 21:50:41.335987;191;Belo Horizonte;Fernanda Costa;Smartwatch Garmin;Michael Garcia;masculino;cartão de crédito
2025-09-30 22:23:39.233422;192;Florianópolis;Tiago Lima;Fone de Ouvido Sony;John Husseini;masculino;cartão de crédito
2025-10-01 14:46:42.873717;193;Belo Horizonte;Carlos Silva;Fone de Ouvido Sony;Irene Smith;feminino;pix
2025-10-01 16:01:45.244380;194;Florianópolis;Gabriela Santos;Smartwatch Garmin;Bonnie Cook;feminino;pix
2025-10-01 18:58:41.286741;195;Belo Horizonte;Fernanda Costa;Smartphone Samsung Galaxy;Howard Durham;masculino;pix
2025-10-01 20:23:40.893930;196;Belo Horizonte;Carlos Silva;Smartphone Samsung Galaxy;Edward Gordon;masculino;boleto
2025-10-01 21:16:39.686586;197;São Paulo;Ana Oliveira;Notebook Dell Inspiron;Donald Bush;masculino;cartão de crédito
2025-10-01 21:51:38.428993;198;Porto Alegre;Mariana Gomes;Notebook Dell Inspiron;Patty Nall;feminino;cartão de crédito
2025-10-01 23:09:38.997487;199;Belo Horizonte;Fernanda Costa;Tablet Apple Ipad;Juan Reyes;masculino;cartão de crédito
2025-10-02 16:52:42.422315;200;Porto Alegre;Mariana Gomes;Smartphone Samsung Galaxy;Barbara Steed;feminino;boleto
2025-10-02 18:01:37.983121;201;São Paulo;Ana Oliveira;Smartwatch Garmin;Kerry Herkert;masculino;boleto
2025-10-02 20:40:44.208391;202;São Paulo;Ana Oliveira;Smartphone Samsung Galaxy;Robbyn Curtis;feminino;boleto
2025-10-03 14:41:37.185924;203;Rio de Janeiro;Juliana Almeida;Smartphone Samsung Galaxy;Kathleen Boyer;feminino;dinheiro
2025-10-03 17:58:44.255406;204;Rio de Janeiro;Juliana Almeida;Fone de Ouvido Sony;Armando Nicholson;masculino;boleto
2025-10-03 19:05:37.348038;205;Belo Horizonte;Fernanda Costa;Tablet Apple Ipad;Salvador Gott;masculino;pix
2025-10-03 19:54:41.752630;206;Belo Horizonte;Fernanda Costa;Notebook Dell Inspiron;Shanita Srinivasan;feminino;pix
2025-10-04 13:44:37.301159;207;Florianópolis;Tiago Lima;Tablet Apple Ipad;Mary Anderson;feminino;boleto
2025-10-04 14:50:41.549948;208;Belo Horizonte;Carlos Silva;Notebook Dell Inspiron;Frederick Stokes;masculino;boleto
2025-10-04 16:53:37.577358;209;Porto Alegre;Roberto Ferreira;Notebook Dell Inspiron;Derrick Thompson;masculino;cartão de crédito
2025-10-04 19:09:37.463628;210;Belo Horizonte;Fernanda Costa;Fone de Ouvido Sony;Bobby Carle;masculino;cartão de crédito
2025-10-04 19:11:39.212286;211;São Paulo;Lucas Pereira;Fone de Ouvido Sony;Fred Carmichael;masculino;cartão de crédito
2025-10-04 22:24:37.299562;212;Rio de Janeiro;Pedro Souza;Smartwatch Garmin;Valerie Woodruff;feminino;cartão de crédito
2025-10-05 16:12:40.521754;213;São Paulo;Lucas Pereira;Notebook Dell Inspiron;Ilene Collins;feminino;cartão de crédito
2025-10-05 16:13:45.449035;214;Rio de Janeiro;Pedro Souza;Smartwatch Garmin;John Sewell;masculino;boleto
2025-10-05 23:17:45.821142;215;Porto Alegre;Mariana Gomes;Notebook Dell Inspiron;Tina Walker;feminino;dinheiro
2025-10-06 12:37:36.483114;216;Porto Alegre;Mariana Gomes;Fone de Ouvido Sony;Donald Darnell;masculino;dinheiro
2025-10-06 15:36:40.857534;217;Rio de Janeiro;Pedro Souza;Smartphone Samsung Galaxy;Charles Blaschke;masculino;pix
2025-10-06 17:11:39.533800;218;São Paulo;Lucas Pereira;Smartphone Samsung Galaxy;Aida Thomas;feminino;dinheiro
2025-10-06 17:12:35.783982;219;Rio de Janeiro;Pedro Souza;Tablet Apple Ipad;Betty Bachrach;feminino;boleto
2025-10-06 17:34:40.520618;220;Porto Alegre;Mariana Gomes;Fone de Ouvido Sony;Ursula Wilson;feminino;pix
2025-10-06 17:50:37.664770;221;Belo Horizonte;Fernanda Costa;Fone de Ouvido Sony;Alden Rippeon;masculino;dinheiro
2025-10-06 18:30:37.592802;222;Rio de Janeiro;Juliana Almeida;Tablet Apple Ipad;Randy Mcintosh;masculino;dinheiro
2025-10-06 20:05:41.538845;223;São Paulo;Lucas Pereira;Smartphone Samsung Galaxy;Pearlie Amrhein;feminino;cartão de crédito
2025-10-06 20:32:38.280022;224;Belo Horizonte;Fernanda Costa;Smartwatch Garmin;Greg Picken;masculino;dinheiro
2025-10-06 22:09:45.018554;225;Porto Alegre;Roberto Ferreira;Smartwatch Garmin;Flora Watt;feminino;pix
2025-10-06 22:51:43.634697;226;Porto Alegre;Mariana Gomes;Smartwatch Garmin;Kim Via;feminino;boleto
2025-10-07 12:56:42.307901;227;Florianópolis;Tiago Lima;Smartwatch Garmin;George Molina;masculino;cartão de crédito
2025-10-07 17:07:40.392102;228;Florianópolis;Gabriela Santos;Tablet Apple Ipad;Everett Twitchell;masculino;dinheiro
2025-10-07 19:10:36.163620;229;Rio de Janeiro;Pedro Souza;Smartphone Samsung Galaxy;Richard Castro;masculino;pix
2025-10-08 17:37:37.847400;230;Florianópolis;Gabriela Santos;Fone de Ouvido Sony;Kim Parker;feminino;pix
2025-10-08 17:51:44.047477;231;Porto Alegre;Roberto Ferreira;Tablet Apple Ipad;Carolyn Gibbs;feminino;dinheiro
2025-10-08 19:00:46.079705;232;São Paulo;Ana Oliveira;Tablet Apple Ipad;Heather Bills;feminino;boleto
2025-10-08 23:02:37.785275;233;Belo Horizonte;Fernanda Costa;Notebook Dell Inspiron;Mark Feinberg;masculino;cartão de crédito
2025-10-09 13:26:45.269304;234;Belo Horizonte;Carlos Silva;Fone de Ouvido Sony;Vera Ramirez;feminino;boleto
2025-10-09 13:52:40.891929;235;Florianópolis;Tiago Lima;Smartwatch Garmin;Fidel Weiner;masculino;cartão de crédito
2025-10-09 19:28:36.687809;236;Florianópolis;Tiago Lima;Smartphone Samsung Galaxy;Gary Rappa;masculino;boleto
2025-10-09 21:24:40.091787;237;São Paulo;Lucas Pereira;Notebook Dell Inspiron;Pat Arredondo;feminino;boleto
2025-10-09 23:04:42.640879;238;Rio de Janeiro;Pedro Souza;Notebook Dell Inspiron;Carolyn Popham;feminino;dinheiro
2025-10-10 12:35:41.438747;239;Florianópolis;Tiago Lima;Smartphone Samsung Galaxy;Douglas Munselle;masculino;pix
2025-10-10 16:23:39.764094;240;Rio de Janeiro;Juliana Almeida;Tablet Apple Ipad;Ricky Banks;masculino;dinheiro
2025-10-10 18:23:36.736876;241;São Paulo;Lucas Pereira;Smartphone Samsung Galaxy;Renate Chancellor;feminino;pix
2025-10-10 21:10:39.159338;242;São Paulo;Lucas Pereira;Notebook Dell Inspiron;Adam Waters;masculino;boleto
2025-10-10 21:39:40.734800;243;Florianópolis;Tiago Lima;Fone de Ouvido Sony;Anthony Finch;masculino;cartão de crédito
2025-10-11 20:37:39.073425;244;Belo Horizonte;Fernanda Costa;Smartphone Samsung Galaxy;Stacie Brooks;feminino;dinheiro
2025-10-11 20:42:39.764472;245;São Paulo;Ana Oliveira;Smartphone Samsung Galaxy;Matthew Lewis;masculino;dinheiro
2025-10-11 22:12:39.144440;246;São Paulo;Lucas Pereira;Tablet Apple Ipad;Mark Martinez;masculino;boleto
2025-10-11 22:58:43.821190;247;Belo Horizonte;Fernanda Costa;Tablet Apple Ipad;Michael Hale;masculino;pix
2025-10-12 14:06:40.514185;248;Belo Horizonte;Fernanda Costa;Tablet Apple Ipad;Kari Robinson;feminino;pix
2025-10-12 15:10:43.664991;249;Porto Alegre;Roberto Ferreira;Fone de Ouvido Sony;Shirley Canta;feminino;dinheiro
2025-10-12 16:56:38.345013;250;Belo Horizonte;Fernanda Costa;Smartwatch Garmin;Linda Rosenthal;feminino;dinheiro
2025-10-12 17:49:37.866404;251;Belo Horizonte;Carlos Silva;Smartphone Samsung Galaxy;Richard Leta;masculino;cartão de crédito
2025-10-12 18:06:46.020922;252;Belo Horizonte;Fernanda Costa;Fone de Ouvido Sony;Scotty Basbas;masculino;pix
2025-10-12 19:22:42.134963;253;Belo Horizonte;Fernanda Costa;Tablet Apple Ipad;Willard Brown;masculino;pix
2025-10-12 19:30:43.512731;254;Belo Horizonte;Fernanda Costa;Smartphone Samsung Galaxy;Russell Berry;masculino;dinheiro
2025-10-12 21:02:36.736325;255;Rio de Janeiro;Juliana Almeida;Tablet Apple Ipad;Sammy Miles;masculino;boleto
2025-10-12 22:44:37.243116;256;São Paulo;Ana Oliveira;Smartwatch Garmin;Robert Sharick;masculino;cartão de crédito
2025-10-13 13:59:45.852946;257;Porto Alegre;Roberto Ferreira;Smartwatch Garmin;Jay Dey;masculino;dinheiro
2025-10-13 14:16:40.567963;258;Rio de Janeiro;Pedro Souza;Fone de Ouvido Sony;Julia Nein;feminino;boleto
2025-10-13 16:51:39.338604;259;Florianópolis;Tiago Lima;Notebook Dell Inspiron;Elizabeth Wheeler;feminino;boleto
2025-10-13 17:50:44.392807;260;Porto Alegre;Roberto Ferreira;Smartwatch Garmin;Wayne Brox;masculino;cartão de crédito
2025-10-13 18:00:42.581756;261;São Paulo;Ana Oliveira;Smartwatch Garmin;Walter Laird;masculino;pix
2025-10-13 19:39:38.356975;262;Porto Alegre;Roberto Ferreira;Fone de Ouvido Sony;Scott Sacco;masculino;pix
2025-10-13 20:32:43.928726;263;Porto Alegre;Mariana Gomes;Smartphone Samsung Galaxy;Jimmy Collins;masculino;boleto
2025-10-14 14:26:39.343502;264;Rio de Janeiro;Juliana Almeida;Smartphone Samsung Galaxy;Sandra Abrams;feminino;pix
2025-10-14 15:01:40.020896;265;Porto Alegre;Mariana Gomes;Smartphone Samsung Galaxy;Matthew Louthan;masculino;boleto
2025-10-14 15:41:35.345698;266;Belo Horizonte;Carlos Silva;Smartphone Samsung Galaxy;Len Pruitt;masculino;pix
2025-10-15 17:55:39.220658;267;Florianópolis;Gabriela Santos;Smartwatch Garmin;Frederick Perry;masculino;boleto
2025-10-15 20:57:37.842320;268;Belo Horizonte;Fernanda Costa;Tablet Apple Ipad;Brenda Varnado;feminino;dinheiro
2025-10-15 22:16:40.016195;269;Porto Alegre;Roberto Ferreira;Notebook Dell Inspiron;Leroy Wilson;masculino;cartão de crédito
2025-10-16 13:34:39.535660;270;São Paulo;Lucas Pereira;Smartphone Samsung Galaxy;Jackie Soule;masculino;cartão de crédito
2025-10-16 13:37:36.915787;271;Belo Horizonte;Carlos Silva;Smartwatch Garmin;Kelvin Duke;masculino;pix
2025-10-16 13:48:35.684583;272;Porto Alegre;Mariana Gomes;Smartwatch Garmin;Jacinto Mittendorf;masculino;cartão de crédito
2025-10-16 13:54:35.445093;273;São Paulo;Ana Oliveira;Tablet Apple Ipad;Christopher Hood;masculino;boleto
2025-10-16 15:58:36.427096;274;São Paulo;Ana Oliveira;Notebook Dell Inspiron;Donald Diekmann;masculino;dinheiro
2025-10-16 17:35:42.107067;275;São Paulo;Ana Oliveira;Smartphone Samsung Galaxy;Sylvia Chacon;feminino;cartão de crédito
2025-10-16 19:32:37.081293;276;Porto Alegre;Mariana Gomes;Fone de Ouvido Sony;David Boucher;masculino;dinheiro
2025-10-16 20:14:39.476527;277;Rio de Janeiro;Juliana Almeida;Notebook Dell Inspiron;David Patel;masculino;boleto
2025-10-16 21:30:40.791783;278;Belo Horizonte;Fernanda Costa;Smartphone Samsung Galaxy;Darrell Walsh;masculino;pix
2025-10-16 21:38:38.480032;279;Rio de Janeiro;Juliana Almeida;Tablet Apple Ipad;Kimberly Reid;feminino;dinheiro
2025-10-17 16:19:37.538078;280;São Paulo;Lucas Pereira;Tablet Apple Ipad;Leopoldo Aquil;masculino;boleto
2025-10-17 18:02:44.901867;281;São Paulo;Lucas Pereira;Notebook Dell Inspiron;Calvin Yetsko;masculino;cartão de crédito
2025-10-17 19:43:38.428712;282;Porto Alegre;Mariana Gomes;Notebook Dell Inspiron;Julie Knight;feminino;dinheiro
2025-10-17 22:31:44.214911;283;Rio de Janeiro;Pedro Souza;Smartphone Samsung Galaxy;Yolanda Stjohn;feminino;boleto
2025-10-18 15:31:39.052721;284;Porto Alegre;Roberto Ferreira;Notebook Dell Inspiron;Charles Ewald;masculino;dinheiro
2025-10-18 17:01:41.269328;285;São Paulo;Ana Oliveira;Smartwatch Garmin;Mae Moser;feminino;cartão de crédito
2025-10-18 19:08:39.375217;286;Porto Alegre;Roberto Ferreira;Fone de Ouvido Sony;John Goodman;masculino;cartão de crédito
2025-10-18 20:37:37.671820;287;Rio de Janeiro;Pedro Souza;Smartphone Samsung Galaxy;Jacob Mages;masculino;cartão de crédito
2025-10-18 23:20:40.362311;288;Belo Horizonte;Carlos Silva;Notebook Dell Inspiron;Kenneth Magness;masculino;boleto
2025-10-19 14:43:41.087830;289;Rio de Janeiro;Juliana Almeida;Fone de Ouvido Sony;Sandra Piche;feminino;boleto
2025-10-19 18:41:44.633272;290;São Paulo;Lucas Pereira;Tablet Apple Ipad;Tomas Charlton;masculino;boleto
2025-10-19 19:16:38.181270;291;Rio de Janeiro;Pedro Souza;Tablet Apple Ipad;Patrick Hand;masculino;pix
2025-10-19 19:35:43.985105;292;São Paulo;Ana Oliveira;Fone de Ouvido Sony;Mirna Parkerson;feminino;cartão de crédito
2025-10-19 20:28:41.836774;293;Porto Alegre;Roberto Ferreira;Smartwatch Garmin;Peter Mosley;masculino;cartão de crédito
2025-10-19 22:30:35.551642;294;Florianópolis;Tiago Lima;Smartwatch Garmin;Diana Burns;feminino;pix
2025-10-20 12:48:40.474340;295;Porto Alegre;Mariana Gomes;Tablet Apple Ipad;John Pilkington;masculino;pix
2025-10-20 13:33:41.053197;296;Porto Alegre;Roberto Ferreira;Notebook Dell Inspiron;Timothy Vires;masculino;boleto
2025-10-20 14:13:38.760913;297;Belo Horizonte;Carlos Silva;Smartphone Samsung Galaxy;Sheila Sanderson;feminino;cartão de crédito
2025-10-20 14:34:40.521155;298;Florianópolis;Tiago Lima;Smartphone Samsung Galaxy;Jack Hall;masculino;dinheiro
2025-10-20 14:39:35.653066;299;Porto Alegre;Roberto Ferreira;Fone de Ouvido Sony;Kristi Walker;feminino;dinheiro
2025-10-20 17:23:43.903505;300;Porto Alegre;Roberto Ferreira;Fone de Ouvido Sony;Barbara Scott;feminino;boleto
2025-10-20 20:07:38.811719;301;São Paulo;Ana Oliveira;Smartphone Samsung Galaxy;Norman Wykes;masculino;cartão de crédito
2025-10-20 21:55:40.410058;302;Florianópolis;Gabriela Santos;Fone de Ouvido Sony;Alexis Tucker;feminino;cartão de crédito
2025-10-20 22:17:42.589002;303;Belo Horizonte;Fernanda Costa;Smartwatch Garmin;Joseph Ramirez;masculino;pix
2025-10-21 12:44:36.823632;304;Belo Horizonte;Fernanda Costa;Notebook Dell Inspiron;Courtney Thomas;feminino;pix
2025-10-21 15:58:38.549165;305;Porto Alegre;Roberto Ferreira;Smartphone Samsung Galaxy;Michael Morgan;masculino;dinheiro
2025-10-21 21:24:43.376822;306;Rio de Janeiro;Pedro Souza;Tablet Apple Ipad;Angela Risinger;feminino;pix
2025-10-21 21:49:41.303511;307;Belo Horizonte;Fernanda Costa;Tablet Apple Ipad;Ramon Emerson;masculino;boleto
2025-10-21 21:50:40.138541;308;Florianópolis;Tiago Lima;Smartphone Samsung Galaxy;Robert Mauldin;masculino;pix
2025-10-22 17:02:40.403397;309;São Paulo;Lucas Pereira;Tablet Apple Ipad;Shizue Spalding;feminino;dinheiro
2025-10-22 18:51:40.228674;310;Porto Alegre;Roberto Ferreira;Fone de Ouvido Sony;Christine Williams;feminino;pix
2025-10-23 12:31:39.224240;311;Rio de Janeiro;Pedro Souza;Smartphone Samsung Galaxy;Anthony Saldana;masculino;boleto
2025-10-23 12:40:37.179413;312;São Paulo;Ana Oliveira;Tablet Apple Ipad;Steven Bombard;masculino;pix
2025-10-23 14:53:42.677439;313;Rio de Janeiro;Pedro Souza;Tablet Apple Ipad;Amanda Waters;feminino;boleto
2025-10-23 15:40:45.505934;314;Belo Horizonte;Fernanda Costa;Smartphone Samsung Galaxy;Johnny Rosado;masculino;boleto
2025-10-23 17:27:41.084400;315;Rio de Janeiro;Pedro Souza;Fone de Ouvido Sony;Joseph Seidel;masculino;pix
2025-10-23 18:10:38.497438;316;São Paulo;Ana Oliveira;Smartwatch Garmin;Vito Barnes;masculino;pix
2025-10-23 18:26:39.389461;317;Florianópolis;Gabriela Santos;Smartwatch Garmin;Debra Mann;feminino;boleto
2025-10-23 20:03:39.475880;318;Belo Horizonte;Carlos Silva;Fone de Ouvido Sony;Bobby Cantrell;masculino;pix
2025-10-23 20:57:35.948339;319;Porto Alegre;Roberto Ferreira;Tablet Apple Ipad;Sally Bender;feminino;cartão de crédito
2025-10-23 21:15:43.555222;320;Belo Horizonte;Carlos Silva;Tablet Apple Ipad;Nicole Hodge;feminino;cartão de crédito
2025-10-24 14:21:41.767831;321;Rio de Janeiro;Juliana Almeida;Smartwatch Garmin;Carroll Rivas;masculino;pix
2025-10-24 18:58:38.806224;322;Florianópolis;Tiago Lima;Tablet Apple Ipad;Theodore Taylor;masculino;cartão de crédito
2025-10-24 20:52:44.191287;323;Porto Alegre;Mariana Gomes;Notebook Dell Inspiron;Jayne Smith;feminino;pix
2025-10-24 21:58:36.665557;324;Porto Alegre;Mariana Gomes;Smartphone Samsung Galaxy;Joyce Martin;feminino;dinheiro
2025-10-24 23:18:36.146512;325;Porto Alegre;Mariana Gomes;Tablet Apple Ipad;Alice Eggimann;feminino;cartão de crédito
2025-10-24 23:24:43.305790;326;Porto Alegre;Mariana Gomes;Tablet Apple Ipad;Mary Astin;feminino;pix
2025-10-25 13:54:43.983432;327;São Paulo;Ana Oliveira;Fone de Ouvido Sony;James Walker;masculino;cartão de crédito
2025-10-25 14:27:39.674608;328;Florianópolis;Gabriela Santos;Fone de Ouvido Sony;Mark Lucchesi;masculino;dinheiro
2025-10-25 15:44:44.256589;329;Porto Alegre;Mariana Gomes;Smartwatch Garmin;Allyson Yarbrough;feminino;dinheiro
2025-10-25 16:07:38.150190;330;São Paulo;Lucas Pereira;Tablet Apple Ipad;Elena Butler;feminino;cartão de crédito
2025-10-25 19:59:42.370381;331;Porto Alegre;Mariana Gomes;Smartwatch Garmin;Troy Perry;masculino;cartão de crédito
2025-10-25 20:43:45.515859;332;Belo Horizonte;Fernanda Costa;Smartwatch Garmin;Jerry Sweatt;masculino;cartão de crédito
2025-10-26 12:31:39.384057;333;Florianópolis;Tiago Lima;Smartwatch Garmin;David Santiago;masculino;pix
2025-10-26 12:34:43.972542;334;Florianópolis;Gabriela Santos;Smartwatch Garmin;Mark Crutchfield;masculino;dinheiro
2025-10-26 12:38:42.656207;335;Florianópolis;Tiago Lima;Smartwatch Garmin;Rosaura Harris;feminino;pix
2025-10-26 12:50:43.491704;336;São Paulo;Lucas Pereira;Notebook Dell Inspiron;Bridgett Christianson;feminino;boleto
2025-10-26 13:18:39.857634;337;São Paulo;Lucas Pereira;Notebook Dell Inspiron;Albert Hewett;masculino;cartão de crédito
2025-10-26 15:47:38.479733;338;Belo Horizonte;Fernanda Costa;Smartwatch Garmin;Michael Carter;masculino;boleto
2025-10-26 18:01:35.354794;339;Florianópolis;Gabriela Santos;Fone de Ouvido Sony;Marissa Sun;feminino;boleto
2025-10-26 18:43:39.481803;340;Belo Horizonte;Fernanda Costa;Smartwatch Garmin;June Hill;feminino;dinheiro
2025-10-26 23:11:45.435276;341;Rio de Janeiro;Juliana Almeida;Smartwatch Garmin;Vickie Junkin;feminino;dinheiro
2025-10-27 15:21:45.244939;342;Rio de Janeiro;Juliana Almeida;Smartwatch Garmin;Bernadette Williams;feminino;pix
2025-10-27 16:02:45.210014;343;Rio de Janeiro;Juliana Almeida;Smartphone Samsung Galaxy;Cynthia Skousen;feminino;boleto
2025-10-27 16:25:44.258644;344;Porto Alegre;Roberto Ferreira;Smartphone Samsung Galaxy;Allison Sheehan;feminino;cartão de crédito
2025-10-27 21:52:43.059608;345;Rio de Janeiro;Juliana Almeida;Smartwatch Garmin;Doris Harker;feminino;boleto
2025-10-27 22:25:35.423133;346;Belo Horizonte;Carlos Silva;Smartphone Samsung Galaxy;Thomas Lee;masculino;dinheiro
2025-10-27 22:27:41.668218;347;Belo Horizonte;Carlos Silva;Smartwatch Garmin;Mildred Schoberg;feminino;cartão de crédito
2025-10-27 22:45:45.849870;348;Florianópolis;Gabriela Santos;Smartphone Samsung Galaxy;Louis Davis;masculino;dinheiro
2025-10-28 13:12:40.227701;349;Porto Alegre;Mariana Gomes;Tablet Apple Ipad;George Thomas;masculino;cartão de crédito
2025-10-28 13:54:38.493968;350;Porto Alegre;Roberto Ferreira;Smartwatch Garmin;Neal Chafin;masculino;cartão de crédito
2025-10-28 18:08:40.391162;351;Porto Alegre;Roberto Ferreira;Smartphone Samsung Galaxy;Ricky Marshall;masculino;boleto
2025-10-28 19:15:42.835245;352;Florianópolis;Gabriela Santos;Notebook Dell Inspiron;Stacy Palacios;feminino;cartão de crédito
2025-10-28 21:55:42.366645;353;Belo Horizonte;Carlos Silva;Notebook Dell Inspiron;Heather Heffernan;feminino;dinheiro
2025-10-28 22:27:40.815083;354;Belo Horizonte;Carlos Silva;Fone de Ouvido Sony;Paul Bundick;masculino;dinheiro
2025-10-28 22:55:41.573412;355;Porto Alegre;Mariana Gomes;Smartwatch Garmin;Dennis Pickhardt;masculino;cartão de crédito
2025-10-28 23:23:40.705716;356;Belo Horizonte;Carlos Silva;Tablet Apple Ipad;Christopher Pahulu;masculino;boleto
2025-10-29 13:51:45.266233;357;Rio de Janeiro;Juliana Almeida;Tablet Apple Ipad;Michael Orellana;masculino;boleto
2025-10-29 21:14:35.740398;358;São Paulo;Lucas Pereira;Notebook Dell Inspiron;Sonya Manning;feminino;boleto
2025-10-29 22:50:44.218791;359;São Paulo;Lucas Pereira;Fone de Ouvido Sony;Debra Hogan;feminino;boleto
2025-10-29 23:25:45.317662;360;Belo Horizonte;Carlos Silva;Notebook Dell Inspiron;Laurie Russell;feminino;boleto
2025-10-30 12:33:35.272666;361;Belo Horizonte;Carlos Silva;Tablet Apple Ipad;Jacqueline Hansen;feminino;pix
2025-10-30 17:35:41.892230;362;Rio de Janeiro;Juliana Almeida;Smartwatch Garmin;Kenneth Hudnell;masculino;dinheiro
2025-10-30 21:16:40.563153;363;Florianópolis;Tiago Lima;Smartphone Samsung Galaxy;Virginia Mcmasters;feminino;boleto
2025-10-30 22:58:40.089063;364;São Paulo;Ana Oliveira;Smartwatch Garmin;Maria Rivero;feminino;pix
2025-10-31 12:30:43.994599;365;Florianópolis;Gabriela Santos;Tablet Apple Ipad;Thomas Gamboa;masculino;boleto
2025-10-31 14:10:39.817069;366;São Paulo;Ana Oliveira;Notebook Dell Inspiron;Shannon Poplin;feminino;pix
2025-10-31 14:16:37.120031;367;Rio de Janeiro;Juliana Almeida;Tablet Apple Ipad;Evelyn Phillips;feminino;dinheiro
2025-10-31 15:54:39.535201;368;Porto Alegre;Roberto Ferreira;Fone de Ouvido Sony;Earnest Vasquez;masculino;boleto
2025-10-31 17:36:40.408628;369;Rio de Janeiro;Juliana Almeida;Smartwatch Garmin;Carl Phillips;masculino;dinheiro
2025-10-31 17:49:36.992666;370;Florianópolis;Tiago Lima;Tablet Apple Ipad;Benjamin Bassler;masculino;pix
2025-10-31 18:14:36.301026;371;Rio de Janeiro;Juliana Almeida;Smartphone Samsung Galaxy;Stephen Roupe;masculino;dinheiro
2025-10-31 19:06:37.536116;372;Porto Alegre;Mariana Gomes;Tablet Apple Ipad;Mildred Petty;feminino;cartão de crédito
2025-10-31 19:32:36.487979;373;Florianópolis;Tiago Lima;Tablet Apple Ipad;Jeffrey Mccormick;masculino;cartão de crédito
2025-10-31 20:40:37.588560;374;Florianópolis;Tiago Lima;Notebook Dell Inspiron;John Jauregui;masculino;pix
2025-11-01 13:36:41.782977;375;Rio de Janeiro;Juliana Almeida;Notebook Dell Inspiron;Cari Studler;feminino;boleto
2025-11-01 13:59:37.570274;376;Belo Horizonte;Fernanda Costa;Smartwatch Garmin;Brian Griffith;masculino;dinheiro
2025-11-01 15:30:44.166286;377;Porto Alegre;Mariana Gomes;Notebook Dell Inspiron;Nicholas Avilla;masculino;cartão de crédito
2025-11-01 18:27:44.122301;378;São Paulo;Lucas Pereira;Fone de Ouvido Sony;Arlene Hobson;feminino;dinheiro
2025-11-01 20:07:37.715587;379;Florianópolis;Tiago Lima;Tablet Apple Ipad;Iva Johnson;feminino;boleto
2025-11-01 20:17:40.094353;380;Florianópolis;Tiago Lima;Fone de Ouvido Sony;Anne Irish;feminino;boleto
2025-11-01 22:41:37.978637;381;Rio de Janeiro;Pedro Souza;Smartphone Samsung Galaxy;Ronald Picard;masculino;pix
2025-11-02 14:05:37.355585;382;São Paulo;Lucas Pereira;Smartwatch Garmin;Janette Foster;feminino;pix
2025-11-02 15:57:38.946509;383;Florianópolis;Gabriela Santos;Smartwatch Garmin;Beth Bryson;feminino;cartão de crédito
2025-11-02 16:29:46.075351;384;Belo Horizonte;Carlos Silva;Fone de Ouvido Sony;Anglea Dayton;feminino;cartão de crédito
2025-11-02 22:26:37.577645;385;Florianópolis;Gabriela Santos;Smartphone Samsung Galaxy;Stan Heacock;masculino;pix
2025-11-02 22:33:40.231720;386;Belo Horizonte;Carlos Silva;Notebook Dell Inspiron;Brittany Robinson;feminino;pix
2025-11-03 13:27:36.914574;387;Rio de Janeiro;Juliana Almeida;Tablet Apple Ipad;Theresa Lowe;feminino;boleto
2025-11-03 15:49:39.011335;388;São Paulo;Ana Oliveira;Notebook Dell Inspiron;Harold Cain;masculino;dinheiro
2025-11-03 22:20:39.201327;389;Belo Horizonte;Carlos Silva;Tablet Apple Ipad;Daniel Guinn;masculino;cartão de crédito
2025-11-03 23:26:45.940782;390;Rio de Janeiro;Juliana Almeida;Tablet Apple Ipad;Robert Jones;masculino;boleto
2025-11-04 13:57:44.259842;391;São Paulo;Lucas Pereira;Tablet Apple Ipad;Glen Wenrich;masculino;cartão de crédito
2025-11-04 20:20:45.860198;392;Rio de Janeiro;Juliana Almeida;Fone de Ouvido Sony;Kathy Shelton;feminino;pix
2025-11-05 12:34:44.253702;393;Porto Alegre;Mariana Gomes;Smartphone Samsung Galaxy;Michael Reilly;masculino;boleto
2025-11-05 14:28:44.809403;394;Porto Alegre;Mariana Gomes;Fone de Ouvido Sony;Shirley Robinson;feminino;dinheiro
2025-11-05 18:59:41.400552;395;Florianópolis;Gabriela Santos;Fone de Ouvido Sony;Jeffrey Rufus;masculino;cartão de crédito
2025-11-05 21:43:44.804931;396;Porto Alegre;Mariana Gomes;Notebook Dell Inspiron;Alice Cook;feminino;cartão de crédito
2025-11-05 21:47:41.696601;397;Porto Alegre;Mariana Gomes;Smartwatch Garmin;Melinda Davis;feminino;boleto
2025-11-05 21:58:43.475390;398;Florianópolis;Tiago Lima;Fone de Ouvido Sony;Sima Ratliff;feminino;boleto
2025-11-05 23:14:42.758971;399;Belo Horizonte;Fernanda Costa;Notebook Dell Inspiron;Wendy Sherman;feminino;dinheiro
2025-11-06 13:36:37.529390;400;São Paulo;Lucas Pereira;Notebook Dell Inspiron;Nicki Huse;feminino;dinheiro
2025-11-06 14:27:40.754092;401;São Paulo;Lucas Pereira;Smartphone Samsung Galaxy;Anthony Miller;masculino;boleto
2025-11-06 16:51:37.387257;402;Florianópolis;Gabriela Santos;Tablet Apple Ipad;John Burdick;masculino;boleto
2025-11-06 22:43:44.619132;403;São Paulo;Lucas Pereira;Tablet Apple Ipad;Annie Chambers;feminino;cartão de crédito
2025-11-06 23:13:40.484088;404;Rio de Janeiro;Pedro Souza;Smartphone Samsung Galaxy;Vicki Pulley;feminino;pix
2025-11-07 16:49:35.273737;405;São Paulo;Lucas Pereira;Fone de Ouvido Sony;Ed Valentine;masculino;pix
2025-11-07 18:40:42.386422;406;Rio de Janeiro;Juliana Almeida;Fone de Ouvido Sony;Ruth Carroll;feminino;dinheiro
2025-11-07 19:07:35.340835;407;Florianópolis;Tiago Lima;Tablet Apple Ipad;Stuart James;masculino;dinheiro
2025-11-07 19:54:40.355450;408;Porto Alegre;Mariana Gomes;Notebook Dell Inspiron;Mildred Patterson;feminino;boleto
2025-11-07 22:14:37.120245;409;Florianópolis;Gabriela Santos;Smartphone Samsung Galaxy;Lance Pittman;masculino;cartão de crédito
2025-11-07 22:48:39.988849;410;Rio de Janeiro;Juliana Almeida;Fone de Ouvido Sony;Tim Fanning;masculino;dinheiro
2025-11-08 12:54:41.412306;411;Florianópolis;Gabriela Santos;Smartwatch Garmin;Justin Spurling;masculino;cartão de crédito
2025-11-08 14:15:37.397658;412;Rio de Janeiro;Juliana Almeida;Smartwatch Garmin;Aaron Smith;masculino;pix
2025-11-08 17:04:38.584220;413;Florianópolis;Tiago Lima;Smartphone Samsung Galaxy;Melissa Lopez;feminino;dinheiro
2025-11-08 21:49:35.633839;414;Porto Alegre;Roberto Ferreira;Notebook Dell Inspiron;Lewis Morgan;masculino;dinheiro
2025-11-08 23:15:41.176529;415;Belo Horizonte;Fernanda Costa;Tablet Apple Ipad;Glen Moffat;masculino;cartão de crédito
2025-11-09 13:41:36.177369;416;Porto Alegre;Mariana Gomes;Fone de Ouvido Sony;Cody White;masculino;cartão de crédito
2025-11-09 23:09:45.450724;417;Belo Horizonte;Carlos Silva;Smartphone Samsung Galaxy;Diana Wilson;feminino;cartão de crédito
2025-11-10 19:49:38.037744;418;Belo Horizonte;Fernanda Costa;Fone de Ouvido Sony;Ashley Slater;feminino;pix
2025-11-10 22:29:35.448236;419;Rio de Janeiro;Juliana Almeida;Smartwatch Garmin;Jordan Silvers;masculino;cartão de crédito
2025-11-11 13:26:44.147078;420;São Paulo;Lucas Pereira;Smartphone Samsung Galaxy;Brian Forbes;masculino;cartão de crédito
2025-11-11 15:40:43.900019;421;Belo Horizonte;Fernanda Costa;Tablet Apple Ipad;Larry Frost;masculino;pix
2025-11-11 17:57:36.551730;422;Porto Alegre;Roberto Ferreira;Notebook Dell Inspiron;Abdul Fox;masculino;pix
2025-11-11 21:36:38.556338;423;São Paulo;Lucas Pereira;Tablet Apple Ipad;David Jorgenson;masculino;boleto
2025-11-11 22:52:44.896541;424;Rio de Janeiro;Pedro Souza;Smartwatch Garmin;Louise Thompson;feminino;dinheiro
2025-11-12 13:36:38.584446;425;Rio de Janeiro;Pedro Souza;Smartwatch Garmin;Randy Salter;masculino;pix
2025-11-12 13:43:42.778623;426;Belo Horizonte;Fernanda Costa;Fone de Ouvido Sony;Gladys Castano;feminino;pix
2025-11-12 14:38:42.770581;427;Belo Horizonte;Fernanda Costa;Tablet Apple Ipad;Jay Bennett;masculino;cartão de crédito
2025-11-12 21:17:39.201075;428;Rio de Janeiro;Juliana Almeida;Smartphone Samsung Galaxy;Louise Jones;feminino;boleto
2025-11-13 16:18:37.351462;429;Florianópolis;Gabriela Santos;Notebook Dell Inspiron;Theresa Dejesus;feminino;boleto
2025-11-13 16:49:37.842092;430;São Paulo;Lucas Pereira;Fone de Ouvido Sony;Kevin Moore;masculino;boleto
2025-11-13 20:05:44.232413;431;Florianópolis;Gabriela Santos;Tablet Apple Ipad;Wilbur Wright;masculino;pix
2025-11-13 23:24:36.021804;432;Belo Horizonte;Carlos Silva;Smartphone Samsung Galaxy;Kristen Foree;feminino;boleto
2025-11-14 12:32:38.501673;433;São Paulo;Lucas Pereira;Smartwatch Garmin;Debra Emerson;feminino;cartão de crédito
2025-11-14 15:15:38.947930;434;Rio de Janeiro;Juliana Almeida;Smartwatch Garmin;William Robinson;masculino;dinheiro
2025-11-14 15:42:45.426343;435;São Paulo;Lucas Pereira;Smartphone Samsung Galaxy;Christopher Mercer;masculino;dinheiro
2025-11-15 13:04:38.762029;436;São Paulo;Ana Oliveira;Smartwatch Garmin;Michele Haworth;feminino;boleto
2025-11-15 13:59:43.619737;437;Porto Alegre;Mariana Gomes;Tablet Apple Ipad;Barbara Perez;feminino;pix
2025-11-15 15:14:38.719091;438;São Paulo;Lucas Pereira;Smartwatch Garmin;Fred Smith;masculino;pix
2025-11-15 16:47:38.710445;439;Porto Alegre;Mariana Gomes;Notebook Dell Inspiron;Beverly Davis;feminino;boleto
2025-11-15 17:33:40.232011;440;Florianópolis;Tiago Lima;Notebook Dell Inspiron;Shawn Guevara;masculino;cartão de crédito
2025-11-15 21:44:40.205926;441;São Paulo;Ana Oliveira;Smartphone Samsung Galaxy;Martin Brandwein;masculino;cartão de crédito
2025-11-16 12:45:45.318313;442;Rio de Janeiro;Juliana Almeida;Smartphone Samsung Galaxy;Andrea Brown;feminino;pix
2025-11-16 13:36:41.570183;443;Rio de Janeiro;Pedro Souza;Smartwatch Garmin;Lonnie Davis;masculino;pix
2025-11-16 16:23:40.736321;444;Belo Horizonte;Fernanda Costa;Fone de Ouvido Sony;Gabrielle Robins;feminino;pix
2025-11-16 17:13:42.785208;445;Porto Alegre;Roberto Ferreira;Smartphone Samsung Galaxy;Thomas Russo;masculino;cartão de crédito
2025-11-17 13:46:36.329530;446;Belo Horizonte;Carlos Silva;Fone de Ouvido Sony;Alexandria Bickmore;feminino;boleto
2025-11-17 15:46:38.709420;447;Belo Horizonte;Carlos Silva;Notebook Dell Inspiron;Miriam Robbins;feminino;pix
2025-11-17 18:45:45.945516;448;Rio de Janeiro;Juliana Almeida;Smartwatch Garmin;Joanne Iozzi;feminino;pix
2025-11-17 20:34:40.361830;449;Porto Alegre;Mariana Gomes;Smartwatch Garmin;Glenda Garcia;feminino;cartão de crédito
2025-11-18 12:45:42.658258;450;Florianópolis;Tiago Lima;Tablet Apple Ipad;Elizabeth Parker;feminino;pix
2025-11-18 12:59:36.678790;451;São Paulo;Ana Oliveira;Notebook Dell Inspiron;Martha Luken;feminino;dinheiro
2025-11-18 14:56:38.352126;452;Rio de Janeiro;Pedro Souza;Tablet Apple Ipad;Gina Fortuna;feminino;cartão de crédito
2025-11-18 15:22:36.182276;453;Florianópolis;Tiago Lima;Tablet Apple Ipad;William Henson;masculino;boleto
2025-11-18 16:05:41.265635;454;Rio de Janeiro;Juliana Almeida;Fone de Ouvido Sony;Constance Rivera;feminino;dinheiro
2025-11-18 20:36:35.736633;455;Porto Alegre;Mariana Gomes;Smartphone Samsung Galaxy;Gretchen Conley;feminino;pix
2025-11-18 21:06:40.694298;456;Florianópolis;Tiago Lima;Fone de Ouvido Sony;Audrey Ross;feminino;pix
2025-11-18 21:29:37.480174;457;Porto Alegre;Roberto Ferreira;Smartphone Samsung Galaxy;Janet Jones;feminino;dinheiro
2025-11-19 13:41:37.977213;458;São Paulo;Lucas Pereira;Smartwatch Garmin;Harold Stoddard;masculino;dinheiro
2025-11-19 18:04:44.057209;459;Florianópolis;Tiago Lima;Fone de Ouvido Sony;David Garner;masculino;boleto
2025-11-19 18:39:37.469900;460;Florianópolis;Tiago Lima;Tablet Apple Ipad;Arthur Rhyne;masculino;dinheiro
2025-11-19 21:30:42.972875;461;Florianópolis;Gabriela Santos;Smartwatch Garmin;Billy Montgomery;masculino;cartão de crédito
2025-11-20 13:52:39.869435;462;Florianópolis;Tiago Lima;Tablet Apple Ipad;Patricia King;feminino;dinheiro
2025-11-20 18:22:35.998151;463;Porto Alegre;Roberto Ferreira;Tablet Apple Ipad;Sheila Menard;feminino;dinheiro
2025-11-20 19:35:40.017855;464;Porto Alegre;Roberto Ferreira;Tablet Apple Ipad;Linda Murray;feminino;cartão de crédito
2025-11-20 19:42:37.569721;465;Belo Horizonte;Fernanda Costa;Fone de Ouvido Sony;Calvin Castro;masculino;pix
2025-11-20 20:26:38.239742;466;Porto Alegre;Roberto Ferreira;Smartwatch Garmin;Susan Espinosa;feminino;pix
2025-11-21 17:39:42.190859;467;Belo Horizonte;Carlos Silva;Notebook Dell Inspiron;Elizabeth Gregory;feminino;pix
2025-11-21 17:54:40.382139;468;Porto Alegre;Roberto Ferreira;Tablet Apple Ipad;Charles Milian;masculino;cartão de crédito
2025-11-21 21:51:42.043256;469;Belo Horizonte;Carlos Silva;Tablet Apple Ipad;Brenda Whitfield;feminino;cartão de crédito
2025-11-21 22:49:41.119154;470;Rio de Janeiro;Pedro Souza;Smartphone Samsung Galaxy;Gene Williams;masculino;boleto
2025-11-22 17:20:45.118621;471;Belo Horizonte;Fernanda Costa;Tablet Apple Ipad;Maria Baadsgaard;feminino;boleto
2025-11-22 19:38:43.487909;472;Florianópolis;Gabriela Santos;Smartphone Samsung Galaxy;Gloria Mayo;feminino;boleto
2025-11-22 20:44:39.674226;473;São Paulo;Ana Oliveira;Smartphone Samsung Galaxy;James Christensen;masculino;boleto
2025-11-22 22:37:35.813262;474;Porto Alegre;Mariana Gomes;Notebook Dell Inspiron;Diana Cahee;feminino;boleto
2025-11-22 23:22:38.018667;475;São Paulo;Ana Oliveira;Notebook Dell Inspiron;Tessa Vandenheuvel;feminino;pix
2025-11-23 17:01:42.206699;476;Rio de Janeiro;Juliana Almeida;Smartwatch Garmin;Terri Godfrey;feminino;dinheiro
2025-11-23 19:43:39.661425;477;Porto Alegre;Roberto Ferreira;Notebook Dell Inspiron;George Ohl;masculino;dinheiro
2025-11-23 21:07:39.771364;478;Porto Alegre;Roberto Ferreira;Smartwatch Garmin;Mae Avila;feminino;pix
2025-11-24 14:12:38.471166;479;São Paulo;Lucas Pereira;Smartwatch Garmin;Loretta Grubbs;feminino;cartão de crédito
2025-11-24 14:29:44.444531;480;São Paulo;Ana Oliveira;Tablet Apple Ipad;Amanda Gallo;feminino;boleto
2025-11-24 15:07:38.362745;481;São Paulo;Ana Oliveira;Smartphone Samsung Galaxy;Katherine Marshall;feminino;cartão de crédito
2025-11-24 19:26:44.212974;482;Florianópolis;Gabriela Santos;Tablet Apple Ipad;Eleanor Galloway;feminino;dinheiro
2025-11-24 20:57:36.560628;483;Florianópolis;Tiago Lima;Smartwatch Garmin;John Dionne;masculino;pix
2025-11-24 22:53:45.599094;484;Rio de Janeiro;Pedro Souza;Smartphone Samsung Galaxy;William Bennett;masculino;dinheiro
2025-11-24 23:11:38.637246;485;Florianópolis;Tiago Lima;Smartphone Samsung Galaxy;Benjamin Inouye;masculino;boleto
2025-11-25 14:22:41.826357;486;Florianópolis;Gabriela Santos;Smartwatch Garmin;Susan Martin;feminino;boleto
2025-11-25 17:24:40.515494;487;Porto Alegre;Mariana Gomes;Tablet Apple Ipad;David Coelho;masculino;dinheiro
2025-11-25 17:35:36.666206;488;Rio de Janeiro;Juliana Almeida;Smartphone Samsung Galaxy;Earl Puglia;masculino;boleto
2025-11-25 21:07:44.474781;489;Rio de Janeiro;Pedro Souza;Tablet Apple Ipad;Mary Briggs;feminino;dinheiro
2025-11-25 22:27:40.071625;490;Porto Alegre;Mariana Gomes;Notebook Dell Inspiron;Steven Richardson;masculino;dinheiro
2025-11-26 15:18:42.286140;491;Florianópolis;Gabriela Santos;Tablet Apple Ipad;Lillie Martin;feminino;pix
2025-11-26 16:09:45.055523;492;Florianópolis;Tiago Lima;Smartwatch Garmin;John Dickie;masculino;dinheiro
2025-11-26 16:41:38.193491;493;Rio de Janeiro;Pedro Souza;Fone de Ouvido Sony;Bryan Roach;masculino;pix
2025-11-26 17:17:40.263209;494;Porto Alegre;Mariana Gomes;Tablet Apple Ipad;Timothy Stewart;masculino;pix
2025-11-26 19:38:38.927997;495;São Paulo;Lucas Pereira;Smartwatch Garmin;Maggie Collier;feminino;pix
2025-11-26 20:28:39.533507;496;Belo Horizonte;Fernanda Costa;Smartwatch Garmin;Jean Cole;feminino;cartão de crédito
2025-11-26 20:31:38.373760;497;Rio de Janeiro;Pedro Souza;Notebook Dell Inspiron;Jorge Bartz;masculino;pix
2025-11-26 20:48:37.480440;498;Belo Horizonte;Fernanda Costa;Tablet Apple Ipad;Eva Coggan;feminino;pix
2025-11-26 22:40:38.928709;499;São Paulo;Ana Oliveira;Smartphone Samsung Galaxy;Sharon Mars;feminino;pix
2025-11-27 14:44:40.358809;500;Florianópolis;Tiago Lima;Smartphone Samsung Galaxy;Emma Hazelwood;feminino;dinheiro
2025-11-27 16:06:39.387243;501;São Paulo;Ana Oliveira;Smartphone Samsung Galaxy;John Stewart;masculino;dinheiro
2025-11-27 17:33:36.627047;502;São Paulo;Lucas Pereira;Smartphone Samsung Galaxy;Karen Chavez;feminino;dinheiro
2025-11-27 21:22:35.836024;503;Belo Horizonte;Carlos Silva;Notebook Dell Inspiron;Lawrence Conway;masculino;pix
2025-11-27 23:08:38.191688;504;São Paulo;Lucas Pereira;Smartwatch Garmin;Lillie Montoya;feminino;cartão de crédito
2025-11-28 19:43:43.614697;505;São Paulo;Lucas Pereira;Tablet Apple Ipad;Joshua Bennett;masculino;pix
2025-11-28 22:18:45.753525;506;Rio de Janeiro;Juliana Almeida;Notebook Dell Inspiron;Nathan Sitar;masculino;boleto
2025-11-29 14:19:37.210052;507;Belo Horizonte;Fernanda Costa;Smartphone Samsung Galaxy;Johnny Mcelwain;masculino;boleto
2025-11-29 15:30:39.534880;508;Porto Alegre;Mariana Gomes;Notebook Dell Inspiron;Jared Henderson;masculino;pix
2025-11-29 17:13:44.080366;509;Belo Horizonte;Fernanda Costa;Smartphone Samsung Galaxy;Gloria Nye;feminino;pix
2025-11-29 18:29:41.780642;510;Florianópolis;Tiago Lima;Smartphone Samsung Galaxy;Gerardo Martinez;masculino;dinheiro
2025-11-29 20:17:39.808042;511;Rio de Janeiro;Pedro Souza;Notebook Dell Inspiron;Cynthia Green;feminino;dinheiro
2025-11-29 21:29:45.434571;512;Rio de Janeiro;Juliana Almeida;Smartphone Samsung Galaxy;Joan Smith;feminino;boleto
2025-11-30 15:44:41.667041;513;Porto Alegre;Roberto Ferreira;Smartphone Samsung Galaxy;Kyra Alvarez;feminino;dinheiro
2025-11-30 15:57:43.785078;514;Florianópolis;Gabriela Santos;Smartwatch Garmin;Krystal Coronado;feminino;dinheiro
2025-11-30 17:58:35.805916;515;Belo Horizonte;Fernanda Costa;Smartphone Samsung Galaxy;Lisa Kennelly;feminino;pix
2025-11-30 18:30:36.175197;516;Porto Alegre;Mariana Gomes;Notebook Dell Inspiron;David Quinn;masculino;cartão de crédito
2025-11-30 20:37:35.340044;517;São Paulo;Ana Oliveira;Smartwatch Garmin;Rebecca Fuentes;feminino;dinheiro
2025-11-30 23:18:40.804080;518;São Paulo;Lucas Pereira;Smartphone Samsung Galaxy;Marsha Williamson;feminino;cartão de crédito
2025-12-01 15:01:39.526974;519;Porto Alegre;Roberto Ferreira;Fone de Ouvido Sony;Scott Gillespie;masculino;dinheiro
2025-12-01 17:20:44.475503;520;Porto Alegre;Roberto Ferreira;Smartwatch Garmin;Roger Massengale;masculino;pix
2025-12-01 18:01:44.326877;521;Belo Horizonte;Fernanda Costa;Notebook Dell Inspiron;Matt Sweeney;masculino;dinheiro
2025-12-01 21:27:40.908250;522;Florianópolis;Tiago Lima;Notebook Dell Inspiron;Kelly Murray;feminino;dinheiro
2025-12-01 23:19:43.709885;523;São Paulo;Ana Oliveira;Smartphone Samsung Galaxy;Mary Jackson;feminino;cartão de crédito
2025-12-02 13:37:44.874785;524;Belo Horizonte;Fernanda Costa;Tablet Apple Ipad;Eileen Long;feminino;boleto
2025-12-02 14:40:45.580796;525;São Paulo;Lucas Pereira;Smartwatch Garmin;Jean Trainor;feminino;pix
2025-12-02 16:08:36.273317;526;Porto Alegre;Roberto Ferreira;Fone de Ouvido Sony;Robert Smith;masculino;boleto
2025-12-02 16:10:42.877103;527;Florianópolis;Tiago Lima;Fone de Ouvido Sony;Mozelle Hankerson;feminino;boleto
2025-12-02 16:33:37.707328;528;São Paulo;Lucas Pereira;Tablet Apple Ipad;James Kincade;masculino;dinheiro
2025-12-02 18:23:38.985453;529;São Paulo;Ana Oliveira;Notebook Dell Inspiron;Donald Mcentyre;masculino;dinheiro
2025-12-02 23:11:42.380640;530;Rio de Janeiro;Juliana Almeida;Smartphone Samsung Galaxy;Kenneth Dawson;masculino;pix
2025-12-03 12:26:43.707787;531;Rio de Janeiro;Pedro Souza;Smartwatch Garmin;Joan Adam;feminino;boleto
2025-12-03 12:43:38.279639;532;Porto Alegre;Mariana Gomes;Fone de Ouvido Sony;Kim Harris;feminino;dinheiro
2025-12-03 19:05:37.136769;533;Porto Alegre;Mariana Gomes;Notebook Dell Inspiron;Howard Franklin;masculino;boleto
2025-12-03 21:20:38.457446;534;Belo Horizonte;Fernanda Costa;Tablet Apple Ipad;Brian Price;masculino;pix
2025-12-04 13:09:44.391835;535;Florianópolis;Gabriela Santos;Smartphone Samsung Galaxy;Sarah Glenn;feminino;dinheiro
2025-12-04 17:47:35.164065;536;Porto Alegre;Roberto Ferreira;Fone de Ouvido Sony;Reina Holben;feminino;cartão de crédito
2025-12-04 17:58:40.660388;537;Florianópolis;Tiago Lima;Smartphone Samsung Galaxy;Marilyn Allen;feminino;pix
2025-12-04 19:39:44.152538;538;Porto Alegre;Roberto Ferreira;Fone de Ouvido Sony;Ronald Camacho;masculino;pix
2025-12-04 20:24:40.262532;539;Rio de Janeiro;Juliana Almeida;Tablet Apple Ipad;Clare Weaver;feminino;boleto
2025-12-04 21:52:44.620261;540;Belo Horizonte;Carlos Silva;Tablet Apple Ipad;Cathy Mertz;feminino;pix
2025-12-04 21:57:39.870907;541;Belo Horizonte;Fernanda Costa;Notebook Dell Inspiron;Esther Buttry;feminino;boleto
2025-12-04 22:46:45.103417;542;Florianópolis;Tiago Lima;Smartphone Samsung Galaxy;James Ricks;masculino;dinheiro
2025-12-04 23:21:36.290059;543;Rio de Janeiro;Juliana Almeida;Fone de Ouvido Sony;Lewis Bazile;masculino;cartão de crédito
2025-12-05 12:32:37.386952;544;Rio de Janeiro;Juliana Almeida;Smartphone Samsung Galaxy;George Davis;masculino;dinheiro
2025-12-05 13:17:36.494739;545;Rio de Janeiro;Pedro Souza;Smartwatch Garmin;Charles Reusswig;masculino;pix
2025-12-05 15:58:42.330850;546;Porto Alegre;Mariana Gomes;Smartphone Samsung Galaxy;Robert Scott;masculino;cartão de crédito
2025-12-05 16:26:45.824038;547;Rio de Janeiro;Juliana Almeida;Notebook Dell Inspiron;Cathy Callahan;feminino;dinheiro
2025-12-05 19:07:42.987499;548;Rio de Janeiro;Juliana Almeida;Notebook Dell Inspiron;Joan Burton;feminino;pix
2025-12-05 19:13:35.783281;549;Florianópolis;Tiago Lima;Notebook Dell Inspiron;Amanda Gould;feminino;boleto
2025-12-05 20:35:41.393930;550;Rio de Janeiro;Juliana Almeida;Smartwatch Garmin;Salvador Morton;masculino;pix
2025-12-05 21:42:40.914600;551;Porto Alegre;Roberto Ferreira;Smartphone Samsung Galaxy;Robert Santmyer;masculino;cartão de crédito
2025-12-06 16:34:37.186563;552;Rio de Janeiro;Pedro Souza;Smartphone Samsung Galaxy;Bridget Keltner;feminino;dinheiro
2025-12-06 17:59:42.209102;553;Belo Horizonte;Carlos Silva;Fone de Ouvido Sony;Joseph Grogan;masculino;cartão de crédito
2025-12-06 18:43:38.499225;554;Belo Horizonte;Fernanda Costa;Tablet Apple Ipad;David Ackerman;masculino;boleto
2025-12-07 13:14:40.088386;555;Rio de Janeiro;Juliana Almeida;Smartphone Samsung Galaxy;Albert Mcgowan;masculino;cartão de crédito
2025-12-07 17:18:41.828870;556;Belo Horizonte;Fernanda Costa;Notebook Dell Inspiron;Edward Shaffer;masculino;boleto
2025-12-07 19:29:42.984738;557;Belo Horizonte;Fernanda Costa;Smartwatch Garmin;Allyson Smith;feminino;boleto
2025-12-07 21:18:35.380315;558;Florianópolis;Tiago Lima;Tablet Apple Ipad;Rosa Matthews;feminino;dinheiro
2025-12-07 22:05:45.172184;559;Rio de Janeiro;Juliana Almeida;Smartwatch Garmin;Clint Vang;masculino;dinheiro
2025-12-08 14:23:40.381163;560;Porto Alegre;Mariana Gomes;Notebook Dell Inspiron;Christopher Lucas;masculino;cartão de crédito
2025-12-08 15:16:41.966912;561;Florianópolis;Gabriela Santos;Notebook Dell Inspiron;Theresa Boudreaux;feminino;dinheiro
2025-12-08 15:17:40.955363;562;Porto Alegre;Roberto Ferreira;Fone de Ouvido Sony;Marie Hernandez;feminino;boleto
2025-12-08 15:36:36.037235;563;Porto Alegre;Mariana Gomes;Smartphone Samsung Galaxy;Benjamin Cline;masculino;boleto
2025-12-08 16:46:43.622488;564;Rio de Janeiro;Juliana Almeida;Tablet Apple Ipad;Steve Skiles;masculino;dinheiro
2025-12-08 16:48:39.672081;565;Florianópolis;Gabriela Santos;Smartphone Samsung Galaxy;Veronica Woods;feminino;cartão de crédito
2025-12-08 18:33:45.511655;566;São Paulo;Ana Oliveira;Smartphone Samsung Galaxy;Gary Christenson;masculino;pix
2025-12-08 19:53:42.777750;567;Rio de Janeiro;Pedro Souza;Tablet Apple Ipad;Noel Quinn;masculino;cartão de crédito
2025-12-08 20:26:41.974033;568;São Paulo;Ana Oliveira;Tablet Apple Ipad;Bryan Correla;masculino;dinheiro
2025-12-09 14:08:36.962481;569;Porto Alegre;Mariana Gomes;Smartwatch Garmin;David Intrieri;masculino;dinheiro
2025-12-09 20:11:44.232935;570;São Paulo;Lucas Pereira;Fone de Ouvido Sony;Samuel Wright;masculino;pix
2025-12-10 13:20:44.446348;571;Belo Horizonte;Fernanda Costa;Smartphone Samsung Galaxy;Hans White;masculino;boleto
2025-12-10 13:23:39.030793;572;Belo Horizonte;Carlos Silva;Fone de Ouvido Sony;Dionne Roy;feminino;dinheiro
2025-12-10 15:05:43.512049;573;Belo Horizonte;Fernanda Costa;Fone de Ouvido Sony;Michael Dixon;masculino;pix
2025-12-10 19:57:45.353654;574;Rio de Janeiro;Juliana Almeida;Fone de Ouvido Sony;Kevin Richmond;masculino;cartão de crédito
2025-12-10 21:11:42.426641;575;Florianópolis;Tiago Lima;Smartphone Samsung Galaxy;Donette Schwendemann;feminino;pix
2025-12-10 21:33:36.015406;576;Belo Horizonte;Carlos Silva;Tablet Apple Ipad;Heather Conyers;feminino;boleto
2025-12-10 22:59:38.501128;577;Florianópolis;Tiago Lima;Notebook Dell Inspiron;Melissa Garcia;feminino;boleto
2025-12-11 12:26:40.735754;578;São Paulo;Ana Oliveira;Tablet Apple Ipad;Rosemary Stevens;feminino;boleto
2025-12-11 15:31:45.245904;579;Florianópolis;Gabriela Santos;Notebook Dell Inspiron;Arthur Lindstedt;masculino;pix
2025-12-11 16:36:38.346939;580;Porto Alegre;Mariana Gomes;Tablet Apple Ipad;Bruce Ellis;masculino;cartão de crédito
2025-12-11 16:56:40.140280;581;São Paulo;Ana Oliveira;Fone de Ouvido Sony;Michael Sanches;masculino;dinheiro
2025-12-11 20:03:39.025857;582;Florianópolis;Tiago Lima;Fone de Ouvido Sony;Melanie Frost;feminino;dinheiro
2025-12-12 13:55:44.320695;583;Porto Alegre;Mariana Gomes;Fone de Ouvido Sony;Robert Adams;masculino;pix
2025-12-12 16:58:41.236042;584;Florianópolis;Gabriela Santos;Smartwatch Garmin;Travis Billie;masculino;pix
2025-12-12 17:01:37.593453;585;Belo Horizonte;Carlos Silva;Notebook Dell Inspiron;Catherine Bordley;feminino;cartão de crédito
2025-12-12 18:53:43.156592;586;Porto Alegre;Roberto Ferreira;Tablet Apple Ipad;Dorothy Wykes;feminino;pix
2025-12-12 19:05:42.035398;587;Belo Horizonte;Fernanda Costa;Smartwatch Garmin;Brenda Mcgee;feminino;cartão de crédito
2025-12-13 19:46:45.323672;588;São Paulo;Lucas Pereira;Smartwatch Garmin;Timothy Schechter;masculino;pix
2025-12-13 20:58:42.285127;589;Rio de Janeiro;Juliana Almeida;Notebook Dell Inspiron;Patricia Donahue;feminino;boleto
2025-12-13 21:36:45.110564;590;Belo Horizonte;Fernanda Costa;Fone de Ouvido Sony;Martha Barrett;feminino;pix
2025-12-14 16:13:36.846025;591;Porto Alegre;Roberto Ferreira;Tablet Apple Ipad;Linda Stiver;feminino;boleto
2025-12-14 17:02:44.663980;592;Florianópolis;Tiago Lima;Fone de Ouvido Sony;Mary Pearl;feminino;pix
2025-12-14 20:29:40.409045;593;Porto Alegre;Mariana Gomes;Notebook Dell Inspiron;Robin Vogel;feminino;dinheiro
2025-12-14 21:01:36.595292;594;Florianópolis;Gabriela Santos;Smartwatch Garmin;Gary Ryan;masculino;boleto
2025-12-14 22:37:39.421368;595;Porto Alegre;Mariana Gomes;Smartwatch Garmin;Heather Polsgrove;feminino;cartão de crédito
2025-12-15 17:15:41.741937;596;Porto Alegre;Roberto Ferreira;Tablet Apple Ipad;Deborah Shuman;feminino;pix
2025-12-15 18:00:45.505203;597;Belo Horizonte;Fernanda Costa;Smartwatch Garmin;Jessica Curtis;feminino;dinheiro
2025-12-15 21:01:39.200558;598;Florianópolis;Tiago Lima;Smartwatch Garmin;Kendra Jones;feminino;pix
2025-12-15 21:26:39.482191;599;Florianópolis;Gabriela Santos;Smartphone Samsung Galaxy;Nathaniel Casper;masculino;dinheiro
2025-12-16 12:40:39.895137;600;São Paulo;Lucas Pereira;Notebook Dell Inspiron;Brenda Hurtado;feminino;pix
2025-12-16 14:21:40.261898;601;Belo Horizonte;Carlos Silva;Smartphone Samsung Galaxy;Faith Jimenez;feminino;boleto
2025-12-16 19:12:45.513600;602;Rio de Janeiro;Juliana Almeida;Smartphone Samsung Galaxy;Melissa Connors;feminino;boleto
2025-12-16 21:06:45.277447;603;Belo Horizonte;Fernanda Costa;Notebook Dell Inspiron;John Covington;masculino;pix
2025-12-17 15:25:43.552602;604;Rio de Janeiro;Juliana Almeida;Smartwatch Garmin;Terri Kidd;feminino;boleto
2025-12-17 15:53:45.610868;605;Porto Alegre;Roberto Ferreira;Smartwatch Garmin;Tina Haire;feminino;boleto
2025-12-17 22:06:38.773890;606;Rio de Janeiro;Juliana Almeida;Smartwatch Garmin;William Burnette;masculino;dinheiro
2025-12-17 22:34:39.331439;607;Florianópolis;Tiago Lima;Notebook Dell Inspiron;Ann Noe;feminino;cartão de crédito
2025-12-18 15:28:43.877046;608;Florianópolis;Gabriela Santos;Smartphone Samsung Galaxy;Gary Wardlaw;masculino;boleto
2025-12-18 15:40:36.852770;609;Porto Alegre;Mariana Gomes;Tablet Apple Ipad;Fred Edwards;masculino;cartão de crédito
2025-12-18 16:14:44.103480;610;Florianópolis;Tiago Lima;Smartphone Samsung Galaxy;James Mitchell;masculino;dinheiro
2025-12-18 22:03:40.693867;611;São Paulo;Lucas Pereira;Notebook Dell Inspiron;Elizabeth Allen;feminino;pix
2025-12-18 23:20:38.198515;612;Belo Horizonte;Carlos Silva;Smartwatch Garmin;Mamie Siever;feminino;pix
2025-12-19 15:52:38.643904;613;São Paulo;Lucas Pereira;Smartwatch Garmin;Patricia Young;feminino;cartão de crédito
2025-12-19 16:41:44.868294;614;São Paulo;Ana Oliveira;Tablet Apple Ipad;Thomas Daly;masculino;pix
2025-12-19 18:14:35.684232;615;Belo Horizonte;Carlos Silva;Smartphone Samsung Galaxy;Robert Alexander;masculino;pix
2025-12-19 19:52:38.162635;616;São Paulo;Lucas Pereira;Fone de Ouvido Sony;Vern Nassar;masculino;dinheiro
2025-12-20 19:06:42.133428;617;São Paulo;Ana Oliveira;Fone de Ouvido Sony;Andrew Barrett;masculino;cartão de crédito
2025-12-21 12:57:40.368241;618;Florianópolis;Gabriela Santos;Smartwatch Garmin;Pamela Brett;feminino;pix
2025-12-21 13:37:35.715862;619;Florianópolis;Tiago Lima;Smartwatch Garmin;Elvie Kafer;feminino;pix
2025-12-21 13:58:44.321168;620;São Paulo;Lucas Pereira;Smartphone Samsung Galaxy;Kenneth Rains;masculino;boleto
2025-12-21 14:05:36.176902;621;Belo Horizonte;Carlos Silva;Fone de Ouvido Sony;Edward Brock;masculino;pix
2025-12-21 14:36:40.759009;622;São Paulo;Lucas Pereira;Fone de Ouvido Sony;Shella Duffy;feminino;pix
2025-12-21 16:30:37.623519;623;Belo Horizonte;Carlos Silva;Smartphone Samsung Galaxy;Walter Hamilton;masculino;dinheiro
2025-12-21 16:38:36.758238;624;São Paulo;Ana Oliveira;Smartwatch Garmin;Nancy Morales;feminino;boleto
2025-12-21 16:42:40.016553;625;Belo Horizonte;Carlos Silva;Fone de Ouvido Sony;Otis Geiger;masculino;cartão de crédito
2025-12-21 19:31:36.493861;626;Florianópolis;Gabriela Santos;Tablet Apple Ipad;Edward Garrett;masculino;boleto
2025-12-21 20:58:36.076756;627;Rio de Janeiro;Juliana Almeida;Tablet Apple Ipad;Elaine Adams;feminino;pix
2025-12-21 21:19:44.785917;628;Florianópolis;Gabriela Santos;Smartwatch Garmin;Rod Vega;masculino;boleto
2025-12-22 12:58:38.119648;629;Rio de Janeiro;Pedro Souza;Tablet Apple Ipad;Terrence Sumler;masculino;dinheiro
2025-12-22 13:09:43.556011;630;Belo Horizonte;Carlos Silva;Notebook Dell Inspiron;Lamar Cottrell;masculino;cartão de crédito
2025-12-22 13:38:39.566006;631;Rio de Janeiro;Pedro Souza;Fone de Ouvido Sony;Carol Walker;feminino;pix
2025-12-22 14:02:40.391495;632;Florianópolis;Gabriela Santos;Tablet Apple Ipad;Eleanor Morris;feminino;boleto
2025-12-22 14:04:39.202591;633;Florianópolis;Tiago Lima;Smartwatch Garmin;Darrell Badgley;masculino;pix
2025-12-22 17:24:38.608844;634;Rio de Janeiro;Juliana Almeida;Smartwatch Garmin;Rosemary Jensen;feminino;pix
2025-12-22 22:36:38.586075;635;Porto Alegre;Roberto Ferreira;Notebook Dell Inspiron;Kimberly Bushovisky;feminino;cartão de crédito
2025-12-22 22:57:36.916609;636;Florianópolis;Gabriela Santos;Smartwatch Garmin;Frank Kash;masculino;pix
2025-12-22 23:03:37.583810;637;São Paulo;Lucas Pereira;Notebook Dell Inspiron;Linda Lemieux;feminino;cartão de crédito
2025-12-23 15:29:36.665773;638;Belo Horizonte;Carlos Silva;Notebook Dell Inspiron;Jeanette Francis;feminino;cartão de crédito
2025-12-23 18:03:36.050915;639;Porto Alegre;Roberto Ferreira;Fone de Ouvido Sony;Kimberly Coleman;feminino;pix
2025-12-23 20:39:40.427611;640;Rio de Janeiro;Pedro Souza;Notebook Dell Inspiron;Anne Kelley;feminino;dinheiro
2025-12-23 22:01:40.072224;641;Florianópolis;Tiago Lima;Fone de Ouvido Sony;Lucille Bloomquist;feminino;dinheiro
2025-12-23 23:18:37.611013;642;Rio de Janeiro;Juliana Almeida;Smartphone Samsung Galaxy;George Miller;feminino;pix
2025-12-24 21:02:36.930172;643;Porto Alegre;Roberto Ferreira;Fone de Ouvido Sony;Elizabeth Lefler;feminino;pix
2025-12-25 13:26:38.898182;644;Rio de Janeiro;Pedro Souza;Tablet Apple Ipad;Maria Mosley;feminino;cartão de crédito
2025-12-25 16:30:41.836318;645;Florianópolis;Tiago Lima;Smartphone Samsung Galaxy;Joseph Ramsey;masculino;dinheiro
2025-12-25 22:29:40.528318;646;São Paulo;Lucas Pereira;Notebook Dell Inspiron;Pearline Olsen;feminino;pix
2025-12-26 13:09:39.772182;647;Belo Horizonte;Carlos Silva;Smartphone Samsung Galaxy;Christy Stepro;feminino;boleto
2025-12-26 13:09:41.050772;648;Belo Horizonte;Carlos Silva;Notebook Dell Inspiron;Brett Headley;masculino;pix
2025-12-26 14:05:38.094185;649;Porto Alegre;Roberto Ferreira;Fone de Ouvido Sony;Margaret Lopez;feminino;boleto
2025-12-26 14:09:36.905180;650;Porto Alegre;Roberto Ferreira;Tablet Apple Ipad;Emily Knapp;feminino;dinheiro
2025-12-26 22:48:38.327987;651;Florianópolis;Gabriela Santos;Fone de Ouvido Sony;Elizabeth Overstreet;feminino;cartão de crédito
2025-12-27 14:56:37.075262;652;Porto Alegre;Mariana Gomes;Smartphone Samsung Galaxy;Marshall Lewallen;masculino;cartão de crédito
2025-12-27 20:43:37.792535;653;São Paulo;Ana Oliveira;Notebook Dell Inspiron;Timothy Cocks;masculino;pix
2025-12-27 21:16:37.908831;654;Porto Alegre;Mariana Gomes;Notebook Dell Inspiron;Tammie Willis;feminino;cartão de crédito
2025-12-28 13:20:37.790799;655;Florianópolis;Tiago Lima;Fone de Ouvido Sony;Otis Horton;masculino;dinheiro
2025-12-28 15:27:35.371370;656;Rio de Janeiro;Juliana Almeida;Smartphone Samsung Galaxy;Jan Bucklin;feminino;boleto
2025-12-28 16:44:40.000067;657;Florianópolis;Gabriela Santos;Tablet Apple Ipad;Linda Feliciano;feminino;cartão de crédito
2025-12-28 18:29:40.390688;658;Belo Horizonte;Carlos Silva;Smartwatch Garmin;Bryan Rodriquez;masculino;boleto
2025-12-28 18:33:38.681399;659;Rio de Janeiro;Pedro Souza;Notebook Dell Inspiron;Felipa Batista;feminino;boleto
2025-12-28 20:00:43.620013;660;Belo Horizonte;Carlos Silva;Smartphone Samsung Galaxy;Paul Hall;masculino;pix
2025-12-28 21:02:43.976714;661;Belo Horizonte;Fernanda Costa;Tablet Apple Ipad;Donna Stgermain;feminino;cartão de crédito
2025-12-28 21:09:37.356352;662;Rio de Janeiro;Juliana Almeida;Fone de Ouvido Sony;Mark Gienger;masculino;boleto
2025-12-28 22:12:35.393482;663;Rio de Janeiro;Pedro Souza;Smartphone Samsung Galaxy;Terry Gaucin;masculino;boleto
2025-12-29 13:05:41.826160;664;Rio de Janeiro;Pedro Souza;Smartphone Samsung Galaxy;Donald Smith;masculino;cartão de crédito
2025-12-29 13:32:43.620269;665;Rio de Janeiro;Juliana Almeida;Smartwatch Garmin;Jeffrey Brown;masculino;dinheiro
2025-12-29 13:42:38.083428;666;Porto Alegre;Mariana Gomes;Smartwatch Garmin;Frances Selph;feminino;boleto
2025-12-29 15:30:38.433989;667;Rio de Janeiro;Juliana Almeida;Smartwatch Garmin;Edward Joyce;masculino;boleto
2025-12-29 16:22:38.533672;668;Rio de Janeiro;Juliana Almeida;Fone de Ouvido Sony;Robert Oshima;masculino;pix
2025-12-29 20:14:35.354124;669;Porto Alegre;Roberto Ferreira;Fone de Ouvido Sony;Susan Stout;feminino;dinheiro
2025-12-29 21:38:40.483604;670;Belo Horizonte;Fernanda Costa;Notebook Dell Inspiron;Sandy Bates;feminino;cartão de crédito
2025-12-29 22:01:45.678666;671;Porto Alegre;Roberto Ferreira;Fone de Ouvido Sony;Michael Taylor;masculino;pix
2025-12-29 23:04:35.012127;672;Rio de Janeiro;Juliana Almeida;Tablet Apple Ipad;Patricia Nickell;feminino;pix
2025-12-30 14:03:44.447882;673;São Paulo;Ana Oliveira;Smartwatch Garmin;Carlos Lott;masculino;dinheiro
2025-12-30 20:46:44.237937;674;Belo Horizonte;Carlos Silva;Notebook Dell Inspiron;Charles Garrido;masculino;dinheiro
2025-12-30 21:04:42.211294;675;São Paulo;Lucas Pereira;Fone de Ouvido Sony;Derrick Barjas;masculino;dinheiro
2025-12-31 12:48:42.871099;676;Rio de Janeiro;Juliana Almeida;Notebook Dell Inspiron;Robert Cohen;masculino;pix
2025-12-31 14:20:43.281206;677;Porto Alegre;Roberto Ferreira;Tablet Apple Ipad;Carolyn Upright;feminino;dinheiro
2025-12-31 18:10:41.286120;678;São Paulo;Lucas Pereira;Fone de Ouvido Sony;Carol Harris;feminino;cartão de crédito
2025-12-31 18:33:39.333425;679;Rio de Janeiro;Pedro Souza;Tablet Apple Ipad;Amanda Coss;feminino;boleto
2025-12-31 19:50:39.686920;680;São Paulo;Lucas Pereira;Notebook Dell Inspiron;Steven Miyasato;masculino;cartão de crédito
2025-12-31 20:40:45.403244;681;Porto Alegre;Roberto Ferreira;Notebook Dell Inspiron;Rachel Ramirez;feminino;cartão de crédito
2025-12-31 23:15:39.144753;682;São Paulo;Ana Oliveira;Notebook Dell Inspiron;Harvey Mack;masculino;pix
2026-01-01 13:07:43.620556;683;Belo Horizonte;Carlos Silva;Tablet Apple Ipad;Alberto Medley;masculino;dinheiro
2026-01-01 13:52:42.860390;684;Florianópolis;Gabriela Santos;Notebook Dell Inspiron;Maura Newton;feminino;dinheiro
2026-01-01 16:18:38.716693;685;Rio de Janeiro;Pedro Souza;Smartphone Samsung Galaxy;Hector Lu;masculino;pix
2026-01-01 17:31:40.483327;686;Florianópolis;Tiago Lima;Fone de Ouvido Sony;Louise Tucker;feminino;pix
2026-01-01 17:54:40.908906;687;Florianópolis;Tiago Lima;Fone de Ouvido Sony;Adam Broadwater;masculino;pix
2026-01-01 18:15:43.321627;688;Porto Alegre;Roberto Ferreira;Fone de Ouvido Sony;Chris Godzik;masculino;cartão de crédito
2026-01-01 19:02:39.375730;689;Florianópolis;Tiago Lima;Smartwatch Garmin;Gilbert Bona;masculino;pix
2026-01-01 20:34:37.082599;690;São Paulo;Ana Oliveira;Smartwatch Garmin;Daniel Kilbourn;masculino;cartão de crédito
2026-01-01 22:24:45.077389;691;Porto Alegre;Mariana Gomes;Smartwatch Garmin;Jolene Acuna;feminino;dinheiro
2026-01-01 22:53:43.730468;692;São Paulo;Ana Oliveira;Fone de Ouvido Sony;Patrick Ray;masculino;cartão de crédito
2026-01-02 13:31:44.728521;693;Rio de Janeiro;Juliana Almeida;Fone de Ouvido Sony;Minnie Rosales;feminino;dinheiro
2026-01-02 14:49:39.941734;694;Florianópolis;Gabriela Santos;Smartphone Samsung Galaxy;Mary Switzer;feminino;dinheiro
2026-01-02 15:05:41.072749;695;Florianópolis;Gabriela Santos;Fone de Ouvido Sony;Herbert Sanders;masculino;boleto
2026-01-02 17:09:41.810771;696;São Paulo;Lucas Pereira;Smartphone Samsung Galaxy;Sean Beal;masculino;boleto
2026-01-03 17:01:37.812319;697;Belo Horizonte;Fernanda Costa;Fone de Ouvido Sony;Myrtie Chicoine;feminino;dinheiro
2026-01-03 17:15:41.147974;698;Florianópolis;Tiago Lima;Smartphone Samsung Galaxy;William Forman;masculino;pix
2026-01-03 17:31:40.806459;699;Porto Alegre;Mariana Gomes;Fone de Ouvido Sony;Howard Skillern;masculino;pix
2026-01-03 18:26:37.080924;700;Belo Horizonte;Fernanda Costa;Tablet Apple Ipad;Travis May;masculino;pix
2026-01-03 21:25:37.503918;701;Belo Horizonte;Carlos Silva;Fone de Ouvido Sony;John Maples;masculino;pix
2026-01-04 15:05:41.886822;702;Porto Alegre;Mariana Gomes;Notebook Dell Inspiron;Edward Storm;masculino;cartão de crédito
2026-01-04 15:24:45.296914;703;São Paulo;Ana Oliveira;Fone de Ouvido Sony;Natalie Ducharme;feminino;boleto
2026-01-04 18:31:36.315775;704;São Paulo;Ana Oliveira;Smartphone Samsung Galaxy;Albert Olson;masculino;cartão de crédito
2026-01-04 18:41:37.623098;705;Belo Horizonte;Fernanda Costa;Smartphone Samsung Galaxy;Angie Wallace;feminino;cartão de crédito
2026-01-04 18:49:40.263646;706;Florianópolis;Gabriela Santos;Smartphone Samsung Galaxy;Donna Johnson;feminino;cartão de crédito
2026-01-04 18:58:39.933398;707;Belo Horizonte;Carlos Silva;Fone de Ouvido Sony;Ester Mccoy;feminino;pix
2026-01-04 20:04:42.108430;708;São Paulo;Ana Oliveira;Tablet Apple Ipad;Ruth Snethen;feminino;boleto
2026-01-04 22:20:42.331328;709;Rio de Janeiro;Juliana Almeida;Fone de Ouvido Sony;Barbara Dromgoole;feminino;cartão de crédito
2026-01-04 22:34:38.502289;710;São Paulo;Ana Oliveira;Fone de Ouvido Sony;Debbie Dye;feminino;cartão de crédito
2026-01-05 13:15:38.016999;711;Belo Horizonte;Carlos Silva;Fone de Ouvido Sony;Joseph Hughes;masculino;cartão de crédito
2026-01-05 17:23:42.371525;712;Florianópolis;Gabriela Santos;Smartwatch Garmin;Dallas Edwards;masculino;boleto
2026-01-05 18:31:40.659787;713;São Paulo;Ana Oliveira;Smartphone Samsung Galaxy;James Adams;masculino;dinheiro
2026-01-05 18:55:36.316225;714;Belo Horizonte;Fernanda Costa;Smartphone Samsung Galaxy;Gladys Kelly;feminino;cartão de crédito
2026-01-05 19:36:42.297472;715;Florianópolis;Tiago Lima;Smartwatch Garmin;Bernard Jenkins;masculino;dinheiro
2026-01-05 22:16:36.485406;716;Rio de Janeiro;Juliana Almeida;Smartwatch Garmin;Stephen Lopez;masculino;cartão de crédito
2026-01-06 12:55:39.032595;717;Florianópolis;Tiago Lima;Tablet Apple Ipad;Jacqueline Lee;feminino;cartão de crédito
2026-01-06 16:04:39.701859;718;Rio de Janeiro;Pedro Souza;Smartphone Samsung Galaxy;James Moher;masculino;boleto
2026-01-06 17:32:38.351366;719;São Paulo;Lucas Pereira;Smartwatch Garmin;Kenneth Jones;masculino;dinheiro
2026-01-06 18:03:45.467979;720;Rio de Janeiro;Pedro Souza;Fone de Ouvido Sony;Mauricio Merritt;masculino;cartão de crédito
2026-01-07 13:09:41.890011;721;Belo Horizonte;Fernanda Costa;Notebook Dell Inspiron;Kay Wilson;feminino;cartão de crédito
2026-01-07 16:34:37.976382;722;São Paulo;Lucas Pereira;Fone de Ouvido Sony;Tina Rouse;feminino;dinheiro
2026-01-07 17:20:40.642708;723;Porto Alegre;Roberto Ferreira;Tablet Apple Ipad;John Avitia;masculino;pix
2026-01-07 17:45:42.593508;724;Belo Horizonte;Carlos Silva;Smartphone Samsung Galaxy;Consuelo Allred;feminino;boleto
2026-01-07 19:26:38.017280;725;Belo Horizonte;Carlos Silva;Tablet Apple Ipad;Jose Triplett;masculino;boleto
2026-01-07 20:24:39.808284;726;Porto Alegre;Roberto Ferreira;Notebook Dell Inspiron;Linda Cook;feminino;cartão de crédito
2026-01-07 20:34:43.737093;727;Rio de Janeiro;Pedro Souza;Smartphone Samsung Galaxy;Brian Shook;masculino;boleto
2026-01-07 21:07:35.278535;728;Belo Horizonte;Fernanda Costa;Smartphone Samsung Galaxy;German Parihar;masculino;pix
2026-01-08 13:36:43.558446;729;Florianópolis;Tiago Lima;Notebook Dell Inspiron;Delores Connelly;feminino;pix
2026-01-08 14:40:42.383665;730;Belo Horizonte;Carlos Silva;Fone de Ouvido Sony;Linda Hancock;feminino;boleto
2026-01-08 15:21:41.073264;731;Rio de Janeiro;Juliana Almeida;Smartwatch Garmin;Lisa Sharp;feminino;boleto
2026-01-08 16:15:42.094036;732;Belo Horizonte;Carlos Silva;Smartphone Samsung Galaxy;Deborah Collingwood;feminino;dinheiro
2026-01-08 16:46:38.644121;733;São Paulo;Lucas Pereira;Notebook Dell Inspiron;Maria Sanabria;feminino;boleto
2026-01-08 19:21:42.371990;734;Belo Horizonte;Carlos Silva;Smartwatch Garmin;Randa Tierney;feminino;pix
2026-01-08 20:32:45.862871;735;São Paulo;Ana Oliveira;Notebook Dell Inspiron;Shannon Pugliese;feminino;pix
2026-01-08 21:05:38.076945;736;Florianópolis;Gabriela Santos;Fone de Ouvido Sony;Barbara Garcia;feminino;boleto
2026-01-08 21:45:41.399652;737;Porto Alegre;Mariana Gomes;Tablet Apple Ipad;Carlo Walters;masculino;cartão de crédito
2026-01-08 22:46:37.779713;738;Rio de Janeiro;Pedro Souza;Tablet Apple Ipad;Maricela Rodriguez;feminino;dinheiro
2026-01-09 13:55:41.049904;739;Belo Horizonte;Carlos Silva;Notebook Dell Inspiron;Steve Fitzpatrick;masculino;dinheiro
2026-01-09 16:17:38.708839;740;Porto Alegre;Mariana Gomes;Smartphone Samsung Galaxy;Andrew Grimes;masculino;dinheiro
2026-01-09 17:05:39.582896;741;Porto Alegre;Roberto Ferreira;Notebook Dell Inspiron;Nancy Gillispie;feminino;pix
2026-01-09 17:12:43.712856;742;Porto Alegre;Mariana Gomes;Smartwatch Garmin;Jeffrey Froman;masculino;boleto
2026-01-09 18:52:44.217177;743;Belo Horizonte;Carlos Silva;Tablet Apple Ipad;Joyce Lopez;feminino;boleto
2026-01-09 19:27:43.370202;744;Florianópolis;Tiago Lima;Notebook Dell Inspiron;Kathleen Jones;feminino;boleto
2026-01-09 21:26:36.077460;745;Florianópolis;Gabriela Santos;Smartphone Samsung Galaxy;Michael Ramos;masculino;cartão de crédito
2026-01-10 13:59:39.943153;746;Rio de Janeiro;Pedro Souza;Smartphone Samsung Galaxy;Randolph Roach;masculino;cartão de crédito
2026-01-10 14:24:39.577590;747;São Paulo;Lucas Pereira;Smartphone Samsung Galaxy;Allen Sylvester;masculino;dinheiro
2026-01-10 16:11:45.859435;748;Rio de Janeiro;Pedro Souza;Fone de Ouvido Sony;Anne Chang;feminino;boleto
2026-01-10 20:57:38.173204;749;Belo Horizonte;Carlos Silva;Smartwatch Garmin;Rita Dulin;feminino;boleto
2026-01-10 22:54:44.320136;750;São Paulo;Lucas Pereira;Tablet Apple Ipad;Billy Welch;masculino;pix
2026-01-11 12:48:43.361564;751;Rio de Janeiro;Pedro Souza;Notebook Dell Inspiron;Thomas Green;masculino;pix
2026-01-11 13:26:40.486799;752;Porto Alegre;Mariana Gomes;Smartwatch Garmin;Samuel Hammond;masculino;cartão de crédito
2026-01-11 13:53:36.365616;753;Porto Alegre;Roberto Ferreira;Smartphone Samsung Galaxy;Brandi Kalhorn;feminino;dinheiro
2026-01-11 15:25:41.915244;754;Rio de Janeiro;Juliana Almeida;Tablet Apple Ipad;Emmett Hardy;masculino;dinheiro
2026-01-11 16:21:45.470211;755;São Paulo;Ana Oliveira;Tablet Apple Ipad;Juanita Fuente;feminino;cartão de crédito
2026-01-11 17:14:41.268907;756;Porto Alegre;Mariana Gomes;Tablet Apple Ipad;William Davis;masculino;boleto
2026-01-11 18:58:39.145713;757;São Paulo;Lucas Pereira;Smartwatch Garmin;Beau Filippini;masculino;dinheiro
2026-01-11 20:31:37.612053;758;Porto Alegre;Mariana Gomes;Smartwatch Garmin;Veronica Rogers;feminino;cartão de crédito
2026-01-12 15:44:45.579082;759;Porto Alegre;Roberto Ferreira;Notebook Dell Inspiron;Pierre Mccloud;masculino;pix
2026-01-12 17:20:38.117136;760;São Paulo;Ana Oliveira;Tablet Apple Ipad;Lisa Alcala;feminino;pix
2026-01-12 18:13:38.081278;761;Porto Alegre;Mariana Gomes;Smartwatch Garmin;Dennis Tamayo;masculino;cartão de crédito
2026-01-12 18:22:41.419668;762;Florianópolis;Gabriela Santos;Tablet Apple Ipad;Betty Nielsen;feminino;pix
2026-01-12 20:12:41.420575;763;Belo Horizonte;Carlos Silva;Tablet Apple Ipad;Victoria Everett;feminino;boleto
2026-01-12 22:30:35.509884;764;Rio de Janeiro;Juliana Almeida;Fone de Ouvido Sony;Joyce Newstead;feminino;boleto
2026-01-12 22:32:41.267126;765;Belo Horizonte;Carlos Silva;Smartwatch Garmin;Elmer Myles;masculino;boleto
2026-01-12 22:34:44.785140;766;Florianópolis;Tiago Lima;Smartwatch Garmin;Michelle Powell;feminino;boleto
2026-01-13 18:11:42.583274;767;São Paulo;Lucas Pereira;Fone de Ouvido Sony;Jackie Riley;feminino;pix
2026-01-13 19:02:39.261296;768;Rio de Janeiro;Juliana Almeida;Fone de Ouvido Sony;Byron Sheffield;masculino;pix
2026-01-13 19:06:45.208151;769;Belo Horizonte;Carlos Silva;Smartwatch Garmin;George Bearden;masculino;dinheiro
2026-01-14 18:26:42.139767;770;Florianópolis;Gabriela Santos;Fone de Ouvido Sony;Lisa Musetti;feminino;pix
2026-01-14 21:12:39.436916;771;Porto Alegre;Roberto Ferreira;Smartwatch Garmin;Carl Mccracken;masculino;pix
2026-01-14 22:00:45.634462;772;Rio de Janeiro;Juliana Almeida;Tablet Apple Ipad;Christopher Villa;masculino;dinheiro
2026-01-15 13:54:40.521389;773;Belo Horizonte;Fernanda Costa;Tablet Apple Ipad;Hector Lawson;masculino;boleto
2026-01-15 14:04:39.567879;774;Belo Horizonte;Fernanda Costa;Smartwatch Garmin;Michael Echols;masculino;boleto
2026-01-15 17:38:40.694601;775;São Paulo;Ana Oliveira;Smartphone Samsung Galaxy;Theresa Loudermilk;feminino;boleto
2026-01-15 19:41:39.011798;776;Porto Alegre;Roberto Ferreira;Fone de Ouvido Sony;Thelma Borg;feminino;boleto
2026-01-15 21:35:36.828479;777;Florianópolis;Tiago Lima;Notebook Dell Inspiron;Kyle Trias;masculino;pix
2026-01-15 22:30:37.752306;778;Rio de Janeiro;Pedro Souza;Notebook Dell Inspiron;Linda Wilson;feminino;cartão de crédito
2026-01-15 22:53:40.356061;779;São Paulo;Ana Oliveira;Smartphone Samsung Galaxy;Stanley Martinez;masculino;dinheiro
2026-01-15 22:54:40.497186;780;Florianópolis;Gabriela Santos;Smartwatch Garmin;Ola Creach;feminino;cartão de crédito
2026-01-16 14:37:42.598055;781;São Paulo;Lucas Pereira;Smartwatch Garmin;Thelma Abelman;feminino;pix
2026-01-16 15:03:40.622429;782;Belo Horizonte;Carlos Silva;Notebook Dell Inspiron;Tina Edwards;feminino;dinheiro
2026-01-16 15:26:39.095729;783;Florianópolis;Gabriela Santos;Smartphone Samsung Galaxy;Rodney Bernier;masculino;pix
2026-01-16 17:11:36.715380;784;Rio de Janeiro;Pedro Souza;Notebook Dell Inspiron;Joan Ornelas;feminino;cartão de crédito
2026-01-16 18:35:40.894314;785;Rio de Janeiro;Juliana Almeida;Smartwatch Garmin;Kevin Vieyra;masculino;cartão de crédito
2026-01-16 20:37:39.478565;786;Rio de Janeiro;Pedro Souza;Smartphone Samsung Galaxy;Bernadette Eagle;feminino;cartão de crédito
2026-01-16 23:14:37.585560;787;Rio de Janeiro;Pedro Souza;Smartphone Samsung Galaxy;Teresa Bills;feminino;boleto
2026-01-17 12:32:38.347427;788;Florianópolis;Gabriela Santos;Smartwatch Garmin;Kerry Whitlock;masculino;pix
2026-01-18 15:53:42.596781;789;Porto Alegre;Mariana Gomes;Notebook Dell Inspiron;Edna Torres;feminino;dinheiro
2026-01-18 16:38:43.729776;790;São Paulo;Ana Oliveira;Smartwatch Garmin;John Booth;masculino;cartão de crédito
2026-01-18 18:26:43.626557;791;São Paulo;Ana Oliveira;Smartphone Samsung Galaxy;Kristyn Mooney;feminino;pix
2026-01-18 19:47:42.058339;792;Porto Alegre;Roberto Ferreira;Tablet Apple Ipad;Ana Ingram;feminino;cartão de crédito
2026-01-18 20:29:39.068346;793;Belo Horizonte;Carlos Silva;Fone de Ouvido Sony;Betty Fortuna;feminino;boleto
2026-01-18 22:10:36.593964;794;Rio de Janeiro;Pedro Souza;Smartwatch Garmin;Morgan Napier;masculino;pix
2026-01-18 22:45:44.805946;795;Porto Alegre;Mariana Gomes;Smartwatch Garmin;Leona Norman;feminino;pix
2026-01-19 12:45:38.503281;796;Florianópolis;Gabriela Santos;Smartphone Samsung Galaxy;Martha Hunter;feminino;cartão de crédito
2026-01-19 14:23:43.722941;797;Rio de Janeiro;Juliana Almeida;Smartphone Samsung Galaxy;Violet Suggs;feminino;boleto
2026-01-19 18:11:37.392362;798;São Paulo;Ana Oliveira;Smartphone Samsung Galaxy;Joseph Quiroz;masculino;dinheiro
2026-01-19 20:59:37.354543;799;Florianópolis;Tiago Lima;Smartwatch Garmin;David Hutchins;masculino;boleto
2026-01-19 21:07:37.780823;800;São Paulo;Ana Oliveira;Smartwatch Garmin;Patricia Duron;feminino;dinheiro
2026-01-19 21:25:41.263028;801;Florianópolis;Tiago Lima;Fone de Ouvido Sony;Clarissa Sullivan;feminino;dinheiro
2026-01-19 22:00:35.884599;802;São Paulo;Lucas Pereira;Notebook Dell Inspiron;Mary Eckart;feminino;boleto
2026-01-20 13:57:37.116406;803;Florianópolis;Gabriela Santos;Smartwatch Garmin;Howard Woodruff;masculino;pix
2026-01-20 14:30:36.699997;804;Porto Alegre;Mariana Gomes;Fone de Ouvido Sony;Harold Brucker;masculino;boleto
2026-01-20 17:29:41.809360;805;Belo Horizonte;Carlos Silva;Fone de Ouvido Sony;Geraldine Champion;feminino;dinheiro
2026-01-21 12:49:44.231363;806;Rio de Janeiro;Juliana Almeida;Fone de Ouvido Sony;Gabriela Rice;feminino;dinheiro
2026-01-21 14:08:44.283457;807;Florianópolis;Tiago Lima;Fone de Ouvido Sony;Katherine Illiano;feminino;dinheiro
2026-01-21 16:07:39.528691;808;Porto Alegre;Mariana Gomes;Notebook Dell Inspiron;Whitney Gourley;feminino;pix
2026-01-21 20:03:40.071191;809;Florianópolis;Tiago Lima;Tablet Apple Ipad;Brian Ferguson;masculino;cartão de crédito
2026-01-21 20:15:43.632983;810;Florianópolis;Tiago Lima;Tablet Apple Ipad;Charles Wetzel;masculino;pix
2026-01-21 22:17:41.119562;811;Florianópolis;Gabriela Santos;Smartwatch Garmin;Hubert Mezick;masculino;dinheiro
2026-01-22 13:21:36.563422;812;Porto Alegre;Roberto Ferreira;Smartwatch Garmin;Kathryn Fuller;feminino;cartão de crédito
2026-01-22 14:54:44.616904;813;Florianópolis;Tiago Lima;Tablet Apple Ipad;Gary Benoit;masculino;dinheiro
2026-01-22 16:47:38.503539;814;Porto Alegre;Mariana Gomes;Smartwatch Garmin;Shanell Durkin;feminino;pix
2026-01-22 17:15:44.813065;815;Belo Horizonte;Carlos Silva;Tablet Apple Ipad;Ruth Schmidgall;feminino;pix
2026-01-22 21:00:36.482760;816;Porto Alegre;Roberto Ferreira;Smartwatch Garmin;Sara Fields;feminino;dinheiro
2026-01-23 15:17:39.994401;817;Florianópolis;Gabriela Santos;Smartphone Samsung Galaxy;Joshua Comfort;masculino;dinheiro
2026-01-23 15:51:37.570662;818;São Paulo;Ana Oliveira;Smartwatch Garmin;Martha Beck;feminino;dinheiro
2026-01-23 16:55:36.440638;819;Florianópolis;Gabriela Santos;Fone de Ouvido Sony;Paulina Miles;feminino;cartão de crédito
2026-01-23 17:19:35.275339;820;Porto Alegre;Mariana Gomes;Notebook Dell Inspiron;David Song;masculino;pix
2026-01-23 19:39:43.999714;821;Florianópolis;Tiago Lima;Tablet Apple Ipad;Bradford Kahaleua;masculino;cartão de crédito
2026-01-24 13:07:45.941332;822;Florianópolis;Gabriela Santos;Smartwatch Garmin;Howard Singleton;masculino;cartão de crédito
2026-01-24 14:28:37.507190;823;Florianópolis;Gabriela Santos;Notebook Dell Inspiron;Melissa Ponce;feminino;boleto
2026-01-24 14:57:37.429994;824;São Paulo;Ana Oliveira;Smartphone Samsung Galaxy;Esperanza Mackinder;feminino;dinheiro
2026-01-24 18:11:37.310840;825;Belo Horizonte;Fernanda Costa;Tablet Apple Ipad;Wendy Grady;feminino;boleto
2026-01-24 18:32:41.305136;826;Porto Alegre;Mariana Gomes;Smartphone Samsung Galaxy;Jill Pugh;feminino;pix
2026-01-24 22:17:40.477302;827;São Paulo;Ana Oliveira;Tablet Apple Ipad;John Slagle;masculino;cartão de crédito
2026-01-25 16:42:36.414514;828;São Paulo;Lucas Pereira;Notebook Dell Inspiron;Dorothy Laplant;feminino;dinheiro
2026-01-25 18:17:42.044911;829;Rio de Janeiro;Juliana Almeida;Tablet Apple Ipad;Johnnie Smith;masculino;pix
2026-01-25 21:55:44.181521;830;Belo Horizonte;Carlos Silva;Tablet Apple Ipad;Martin Keith;masculino;boleto
2026-01-26 13:34:43.707161;831;São Paulo;Ana Oliveira;Smartphone Samsung Galaxy;Claudia Stewart;feminino;dinheiro
2026-01-26 14:18:41.651740;832;Rio de Janeiro;Juliana Almeida;Smartphone Samsung Galaxy;Robert David;masculino;boleto
2026-01-27 12:32:39.869643;833;Belo Horizonte;Fernanda Costa;Tablet Apple Ipad;Pamela Grubb;feminino;dinheiro
2026-01-27 12:56:35.390475;834;Rio de Janeiro;Juliana Almeida;Smartwatch Garmin;Michael Olivo;masculino;dinheiro
2026-01-27 15:36:35.551360;835;São Paulo;Lucas Pereira;Smartwatch Garmin;Leon Green;masculino;pix
2026-01-27 16:36:37.095056;836;São Paulo;Ana Oliveira;Tablet Apple Ipad;Dolores Thompson;feminino;dinheiro
2026-01-27 20:03:36.566123;837;Belo Horizonte;Carlos Silva;Fone de Ouvido Sony;Doris Baccus;feminino;dinheiro
2026-01-27 23:11:45.302381;838;Florianópolis;Gabriela Santos;Tablet Apple Ipad;James Muse;masculino;dinheiro
2026-01-28 15:27:42.791706;839;Belo Horizonte;Carlos Silva;Fone de Ouvido Sony;Mike Phernetton;masculino;cartão de crédito
2026-01-28 16:29:36.999397;840;Florianópolis;Tiago Lima;Fone de Ouvido Sony;Hilda Vinz;feminino;cartão de crédito
2026-01-28 16:38:40.758452;841;Porto Alegre;Mariana Gomes;Smartwatch Garmin;Paul Norton;masculino;dinheiro
2026-01-28 16:51:38.578012;842;Florianópolis;Gabriela Santos;Notebook Dell Inspiron;Sally Lundin;feminino;boleto
2026-01-28 19:06:37.847655;843;São Paulo;Lucas Pereira;Smartphone Samsung Galaxy;Allyson Waston;feminino;dinheiro
2026-01-28 19:36:38.719825;844;Belo Horizonte;Carlos Silva;Smartwatch Garmin;Kevin Timchula;masculino;cartão de crédito
2026-01-28 20:53:36.076392;845;São Paulo;Lucas Pereira;Notebook Dell Inspiron;Scott Shelton;masculino;boleto
2026-01-28 21:55:35.384666;846;Rio de Janeiro;Pedro Souza;Smartwatch Garmin;Mary Baur;feminino;boleto
2026-01-29 16:30:40.522421;847;Florianópolis;Gabriela Santos;Fone de Ouvido Sony;Mark Cancel;masculino;dinheiro
2026-01-30 13:14:40.889848;848;Rio de Janeiro;Pedro Souza;Notebook Dell Inspiron;Virgina Gonzalez;feminino;boleto
2026-01-30 13:44:42.084138;849;Porto Alegre;Mariana Gomes;Smartwatch Garmin;Cathryn Oliver;feminino;cartão de crédito
2026-01-30 14:19:38.171749;850;Porto Alegre;Mariana Gomes;Notebook Dell Inspiron;Nicholas Huff;masculino;cartão de crédito
2026-01-30 15:00:41.087291;851;Rio de Janeiro;Pedro Souza;Smartwatch Garmin;Rodolfo Taylor;masculino;cartão de crédito
2026-01-30 15:27:45.944502;852;Porto Alegre;Roberto Ferreira;Notebook Dell Inspiron;Jesus Hatch;masculino;boleto
2026-01-30 18:27:40.785693;853;São Paulo;Lucas Pereira;Fone de Ouvido Sony;Terry Hanson;masculino;dinheiro
2026-01-30 19:09:38.944894;854;São Paulo;Ana Oliveira;Smartwatch Garmin;Desmond Jackson;masculino;boleto
2026-01-30 19:31:35.324389;855;Belo Horizonte;Carlos Silva;Notebook Dell Inspiron;Louise Mcallister;feminino;pix
2026-01-31 14:30:46.000322;856;São Paulo;Ana Oliveira;Fone de Ouvido Sony;Peter Fuentes;masculino;pix
2026-01-31 15:32:36.721488;857;Florianópolis;Tiago Lima;Fone de Ouvido Sony;Jennifer Shultz;feminino;pix
2026-01-31 15:37:36.185297;858;São Paulo;Lucas Pereira;Smartphone Samsung Galaxy;Ronald Nissen;masculino;pix
2026-01-31 20:25:38.041816;859;Rio de Janeiro;Pedro Souza;Smartphone Samsung Galaxy;Leland Kallin;masculino;pix
2026-01-31 20:27:37.981667;860;Rio de Janeiro;Pedro Souza;Fone de Ouvido Sony;Elizabeth Schaeffer;feminino;cartão de crédito
2026-01-31 20:52:36.908043;861;São Paulo;Ana Oliveira;Tablet Apple Ipad;James Langston;masculino;boleto
2026-02-01 13:41:38.700558;862;Belo Horizonte;Carlos Silva;Fone de Ouvido Sony;Amanda Hallmark;feminino;cartão de crédito
2026-02-01 14:37:38.765034;863;Florianópolis;Tiago Lima;Fone de Ouvido Sony;Miguel Williams;masculino;boleto
2026-02-01 15:01:42.597226;864;Rio de Janeiro;Pedro Souza;Smartphone Samsung Galaxy;Catherine Johnson;feminino;cartão de crédito
2026-02-01 17:03:43.494980;865;Rio de Janeiro;Pedro Souza;Fone de Ouvido Sony;Judith Blunt;feminino;cartão de crédito
2026-02-01 20:01:36.032660;866;Florianópolis;Gabriela Santos;Smartwatch Garmin;Carl Skeens;masculino;boleto
2026-02-01 22:34:39.527972;867;Rio de Janeiro;Juliana Almeida;Smartphone Samsung Galaxy;Jessie Rodriguez;masculino;pix
2026-02-02 12:37:40.259383;868;Porto Alegre;Mariana Gomes;Notebook Dell Inspiron;Sheryll Simms;feminino;pix
2026-02-02 15:04:39.932806;869;Belo Horizonte;Carlos Silva;Fone de Ouvido Sony;Lamar Warren;masculino;dinheiro
2026-02-02 15:09:43.731922;870;Belo Horizonte;Fernanda Costa;Tablet Apple Ipad;Jonathan Tesch;masculino;dinheiro
2026-02-02 15:23:44.500570;871;Rio de Janeiro;Juliana Almeida;Smartphone Samsung Galaxy;Angela Xia;feminino;pix
2026-02-02 15:49:45.318607;872;Florianópolis;Gabriela Santos;Smartphone Samsung Galaxy;Cora Wilson;feminino;dinheiro
2026-02-02 17:26:35.381175;873;Rio de Janeiro;Pedro Souza;Tablet Apple Ipad;Scott Osborn;masculino;dinheiro
2026-02-02 18:35:36.317761;874;São Paulo;Ana Oliveira;Notebook Dell Inspiron;Christopher Lockhart;masculino;pix
2026-02-02 21:29:43.070649;875;São Paulo;Ana Oliveira;Smartphone Samsung Galaxy;William Prevatte;masculino;pix
2026-02-02 21:30:41.262533;876;Belo Horizonte;Carlos Silva;Smartphone Samsung Galaxy;James Fisher;masculino;cartão de crédito
2026-02-03 12:37:40.786201;877;Belo Horizonte;Fernanda Costa;Fone de Ouvido Sony;Kay Demers;feminino;boleto
2026-02-03 15:28:38.509247;878;Belo Horizonte;Fernanda Costa;Smartphone Samsung Galaxy;Simon Rodriquez;masculino;dinheiro
2026-02-03 15:50:40.804612;879;Rio de Janeiro;Juliana Almeida;Tablet Apple Ipad;James Cash;masculino;dinheiro
2026-02-03 16:47:36.627324;880;São Paulo;Lucas Pereira;Tablet Apple Ipad;Pat Smith;feminino;cartão de crédito
2026-02-03 16:56:40.890684;881;Rio de Janeiro;Juliana Almeida;Notebook Dell Inspiron;William Addison;masculino;dinheiro
2026-02-03 17:47:43.903822;882;São Paulo;Ana Oliveira;Tablet Apple Ipad;Robert Buchanan;masculino;cartão de crédito
2026-02-03 17:48:41.426818;883;Belo Horizonte;Fernanda Costa;Notebook Dell Inspiron;Margaret Chen;feminino;dinheiro
2026-02-03 23:03:38.508491;884;Porto Alegre;Roberto Ferreira;Smartphone Samsung Galaxy;Rosalie Jenkins;feminino;boleto
2026-02-04 12:45:44.689764;885;São Paulo;Ana Oliveira;Smartphone Samsung Galaxy;Frank White;masculino;dinheiro
2026-02-04 17:46:35.805437;886;Belo Horizonte;Carlos Silva;Notebook Dell Inspiron;Leona King;feminino;pix
2026-02-05 12:57:37.397371;887;Florianópolis;Gabriela Santos;Smartphone Samsung Galaxy;Katie Brown;feminino;pix
2026-02-05 14:23:41.421264;888;Belo Horizonte;Carlos Silva;Tablet Apple Ipad;Michael Alberts;masculino;cartão de crédito
2026-02-05 14:27:36.180968;889;Belo Horizonte;Carlos Silva;Tablet Apple Ipad;Yvette Bailey;feminino;boleto
2026-02-05 14:56:39.768542;890;Belo Horizonte;Fernanda Costa;Smartwatch Garmin;John Henry;masculino;cartão de crédito
2026-02-05 15:55:43.799066;891;São Paulo;Lucas Pereira;Notebook Dell Inspiron;Anthony David;masculino;pix
2026-02-05 17:29:36.528904;892;São Paulo;Ana Oliveira;Fone de Ouvido Sony;Jaime Hutcherson;feminino;cartão de crédito
2026-02-05 20:26:42.384408;893;São Paulo;Ana Oliveira;Notebook Dell Inspiron;Jermaine Bowles;masculino;cartão de crédito
2026-02-05 22:15:45.635591;894;Porto Alegre;Roberto Ferreira;Fone de Ouvido Sony;Jeremiah Shepherd;masculino;dinheiro
2026-02-06 14:23:41.551397;895;Rio de Janeiro;Pedro Souza;Notebook Dell Inspiron;Scott Smolder;masculino;pix
2026-02-06 14:25:36.620149;896;Porto Alegre;Mariana Gomes;Smartwatch Garmin;Ruby Stelzer;feminino;pix
2026-02-06 15:42:45.269874;897;Belo Horizonte;Carlos Silva;Smartphone Samsung Galaxy;Russ Santistevan;masculino;dinheiro
2026-02-06 17:16:43.300877;898;São Paulo;Lucas Pereira;Tablet Apple Ipad;Jennifer George;feminino;cartão de crédito
2026-02-06 18:51:46.083607;899;São Paulo;Ana Oliveira;Tablet Apple Ipad;Joseph Gonzales;masculino;boleto
2026-02-06 21:08:43.950162;900;Porto Alegre;Roberto Ferreira;Fone de Ouvido Sony;Kirk Skaggs;masculino;dinheiro
2026-02-06 22:06:37.537025;901;Florianópolis;Gabriela Santos;Fone de Ouvido Sony;Dustin Rushing;masculino;cartão de crédito
2026-02-06 22:07:40.036534;902;Rio de Janeiro;Pedro Souza;Fone de Ouvido Sony;Glen Chambers;masculino;cartão de crédito
2026-02-07 15:27:45.991208;903;Belo Horizonte;Carlos Silva;Tablet Apple Ipad;Gale Cape;feminino;cartão de crédito
2026-02-07 16:37:45.724920;904;São Paulo;Ana Oliveira;Smartwatch Garmin;Phillip Crumedy;masculino;dinheiro
2026-02-08 13:10:41.394684;905;São Paulo;Lucas Pereira;Fone de Ouvido Sony;Marie Gammon;feminino;cartão de crédito
2026-02-08 15:35:45.678968;906;Porto Alegre;Roberto Ferreira;Smartwatch Garmin;Joann Yang;feminino;boleto
2026-02-08 18:26:38.643539;907;Rio de Janeiro;Pedro Souza;Tablet Apple Ipad;Jacqueline Williams;feminino;pix
2026-02-08 19:01:39.814591;908;Porto Alegre;Mariana Gomes;Smartphone Samsung Galaxy;Frank Delgado;masculino;dinheiro
2026-02-08 19:08:35.838722;909;Florianópolis;Tiago Lima;Tablet Apple Ipad;Paul Michael;masculino;pix
2026-02-08 19:27:41.263893;910;Florianópolis;Gabriela Santos;Smartwatch Garmin;Cynthia Melendez;feminino;pix
2026-02-09 12:37:39.015038;911;Porto Alegre;Roberto Ferreira;Smartphone Samsung Galaxy;Ruth Merced;feminino;pix
2026-02-09 13:53:40.855060;912;São Paulo;Lucas Pereira;Smartphone Samsung Galaxy;Heike Schneider;feminino;pix
2026-02-09 14:46:38.548909;913;Florianópolis;Gabriela Santos;Fone de Ouvido Sony;Carmen Johnson;feminino;boleto
2026-02-09 16:46:38.501356;914;Florianópolis;Gabriela Santos;Fone de Ouvido Sony;Melanie Clark;feminino;pix
2026-02-09 19:03:40.513763;915;Rio de Janeiro;Juliana Almeida;Tablet Apple Ipad;Sharon Thornton;feminino;dinheiro
2026-02-09 20:24:36.712895;916;Belo Horizonte;Carlos Silva;Tablet Apple Ipad;Devon Douglas;feminino;boleto
2026-02-09 21:19:39.894745;917;São Paulo;Ana Oliveira;Tablet Apple Ipad;Frances Sims;feminino;boleto
2026-02-10 18:06:37.789764;918;Rio de Janeiro;Pedro Souza;Smartwatch Garmin;Beverley Lamb;feminino;pix
2026-02-10 18:43:38.094428;919;Porto Alegre;Mariana Gomes;Tablet Apple Ipad;Floyd Kluesner;masculino;pix
2026-02-10 19:37:37.846487;920;Porto Alegre;Mariana Gomes;Notebook Dell Inspiron;James Feliciano;masculino;dinheiro
2026-02-10 19:57:45.943077;921;Belo Horizonte;Carlos Silva;Smartphone Samsung Galaxy;Larry Martin;masculino;cartão de crédito
2026-02-10 21:49:37.233623;922;Porto Alegre;Mariana Gomes;Smartwatch Garmin;Elizabeth Benn;feminino;boleto
2026-02-11 13:50:36.740568;923;Porto Alegre;Mariana Gomes;Smartwatch Garmin;Constance Quigley;feminino;dinheiro
2026-02-11 19:01:37.505896;924;Florianópolis;Tiago Lima;Smartwatch Garmin;Eleanor Flood;feminino;cartão de crédito
2026-02-12 13:49:39.753588;925;Florianópolis;Tiago Lima;Notebook Dell Inspiron;Vera Orvis;feminino;boleto
2026-02-12 19:52:43.904508;926;Florianópolis;Tiago Lima;Smartphone Samsung Galaxy;Richard Thompson;masculino;pix
2026-02-12 21:29:39.389890;927;Rio de Janeiro;Pedro Souza;Smartphone Samsung Galaxy;Gail Pybus;feminino;pix
2026-02-12 22:57:41.768602;928;Florianópolis;Tiago Lima;Notebook Dell Inspiron;Harvey Dalke;masculino;dinheiro
2026-02-13 18:26:43.909697;929;Porto Alegre;Mariana Gomes;Smartwatch Garmin;Peggy Meader;feminino;pix
2026-02-13 18:30:43.816708;930;Florianópolis;Tiago Lima;Tablet Apple Ipad;Nikki Keyes;feminino;dinheiro
2026-02-13 22:14:37.687659;931;Belo Horizonte;Carlos Silva;Fone de Ouvido Sony;John Zinner;masculino;boleto
2026-02-13 23:01:42.425643;932;Florianópolis;Gabriela Santos;Smartphone Samsung Galaxy;Jose Haley;masculino;cartão de crédito
2026-02-13 23:24:40.621720;933;São Paulo;Lucas Pereira;Tablet Apple Ipad;Vance Morgan;masculino;pix
2026-02-14 12:40:38.218339;934;Belo Horizonte;Fernanda Costa;Fone de Ouvido Sony;David Sachez;masculino;dinheiro
2026-02-14 13:50:36.172342;935;São Paulo;Lucas Pereira;Smartphone Samsung Galaxy;Harrison Derr;masculino;dinheiro
2026-02-14 18:45:35.833016;936;Belo Horizonte;Fernanda Costa;Smartwatch Garmin;Douglas Kaylor;masculino;cartão de crédito
2026-02-15 17:47:38.431473;937;Belo Horizonte;Carlos Silva;Notebook Dell Inspiron;Irvin Whittington;masculino;dinheiro
2026-02-15 19:56:44.640494;938;Florianópolis;Tiago Lima;Notebook Dell Inspiron;Gregory Cruz;masculino;boleto
2026-02-15 20:13:35.904130;939;Belo Horizonte;Fernanda Costa;Notebook Dell Inspiron;Dianna Pineiro;feminino;boleto
2026-02-15 20:18:38.498288;940;Belo Horizonte;Fernanda Costa;Smartwatch Garmin;Thomas Capps;masculino;pix
2026-02-15 21:32:41.946148;941;Porto Alegre;Mariana Gomes;Smartphone Samsung Galaxy;Sonya Mccraken;feminino;pix
2026-02-16 12:58:39.344552;942;Florianópolis;Tiago Lima;Fone de Ouvido Sony;Matt Twilley;masculino;pix
2026-02-16 14:26:45.632550;943;Porto Alegre;Mariana Gomes;Smartwatch Garmin;James Oconnor;masculino;cartão de crédito
2026-02-16 16:23:36.166918;944;Belo Horizonte;Fernanda Costa;Smartphone Samsung Galaxy;Rose Finkle;feminino;cartão de crédito
2026-02-16 16:34:40.411583;945;São Paulo;Lucas Pereira;Tablet Apple Ipad;Grace Gossett;feminino;pix
2026-02-16 17:04:38.349060;946;Rio de Janeiro;Pedro Souza;Fone de Ouvido Sony;Ramona Breeden;feminino;pix
2026-02-16 17:24:38.684332;947;São Paulo;Ana Oliveira;Fone de Ouvido Sony;James Berland;masculino;cartão de crédito
2026-02-16 19:18:41.295762;948;São Paulo;Lucas Pereira;Smartwatch Garmin;Glenn Castro;masculino;pix
2026-02-17 13:34:42.595432;949;Rio de Janeiro;Pedro Souza;Notebook Dell Inspiron;Juana Mason;feminino;cartão de crédito
2026-02-17 14:47:36.247586;950;Rio de Janeiro;Pedro Souza;Smartwatch Garmin;Carroll Marsha;masculino;pix
2026-02-17 17:30:37.095982;951;Porto Alegre;Mariana Gomes;Notebook Dell Inspiron;Ying Obrien;feminino;boleto
2026-02-17 18:41:38.610176;952;Rio de Janeiro;Juliana Almeida;Smartphone Samsung Galaxy;John Ichikawa;masculino;boleto
2026-02-17 19:13:40.398631;953;Florianópolis;Tiago Lima;Fone de Ouvido Sony;Catherine Abney;feminino;dinheiro
2026-02-17 23:04:41.532229;954;Rio de Janeiro;Pedro Souza;Smartwatch Garmin;Paul Fonville;masculino;boleto
2026-02-18 23:04:35.478953;955;São Paulo;Ana Oliveira;Tablet Apple Ipad;Sandra Sauders;feminino;boleto
2026-02-19 13:53:36.441779;956;Florianópolis;Tiago Lima;Smartwatch Garmin;Adrienne Suttee;feminino;pix
2026-02-19 21:54:39.321947;957;Rio de Janeiro;Pedro Souza;Tablet Apple Ipad;Pricilla Ducksworth;feminino;dinheiro
2026-02-19 23:12:42.059474;958;Florianópolis;Tiago Lima;Smartphone Samsung Galaxy;Daniela Culliton;feminino;pix
2026-02-20 13:22:41.886112;959;São Paulo;Ana Oliveira;Smartwatch Garmin;Eloy Byrd;masculino;dinheiro
2026-02-20 16:32:40.000955;960;Porto Alegre;Roberto Ferreira;Notebook Dell Inspiron;John Despres;masculino;boleto
2026-02-20 19:21:38.982288;961;Belo Horizonte;Carlos Silva;Smartwatch Garmin;Erin Gould;feminino;cartão de crédito
2026-02-20 23:00:39.803834;962;São Paulo;Ana Oliveira;Fone de Ouvido Sony;Blanche Lowder;feminino;pix
2026-02-21 14:44:37.080412;963;Porto Alegre;Mariana Gomes;Fone de Ouvido Sony;Leon Johnson;masculino;dinheiro
2026-02-21 16:38:36.021394;964;Belo Horizonte;Carlos Silva;Tablet Apple Ipad;Dawn Wolfe;feminino;boleto
2026-02-21 18:02:40.538332;965;Belo Horizonte;Fernanda Costa;Notebook Dell Inspiron;Maria Powers;feminino;dinheiro
2026-02-21 18:14:36.734732;966;Porto Alegre;Roberto Ferreira;Smartwatch Garmin;Minnie Stepp;feminino;boleto
2026-02-21 18:30:44.083382;967;São Paulo;Ana Oliveira;Smartphone Samsung Galaxy;Steven Keeler;masculino;dinheiro
2026-02-21 19:58:42.381268;968;Belo Horizonte;Carlos Silva;Notebook Dell Inspiron;Miles Clarkson;masculino;boleto
2026-02-21 20:13:43.370477;969;Florianópolis;Gabriela Santos;Smartphone Samsung Galaxy;Norman Hackney;masculino;boleto
2026-02-21 20:42:35.422659;970;Rio de Janeiro;Pedro Souza;Smartwatch Garmin;Edward Hunter;masculino;pix
2026-02-21 20:54:41.425196;971;Florianópolis;Gabriela Santos;Smartphone Samsung Galaxy;David Webb;masculino;boleto
2026-02-21 22:07:41.464374;972;Rio de Janeiro;Pedro Souza;Smartwatch Garmin;Dorothy Baker;feminino;dinheiro
2026-02-21 22:55:44.331749;973;Florianópolis;Tiago Lima;Fone de Ouvido Sony;Madge Lombardo;feminino;boleto
2026-02-22 13:07:41.830193;974;Rio de Janeiro;Pedro Souza;Smartphone Samsung Galaxy;Laura Tew;feminino;dinheiro
2026-02-22 13:09:44.151780;975;Rio de Janeiro;Juliana Almeida;Smartwatch Garmin;Marjorie Wilkinson;feminino;boleto
2026-02-22 14:18:37.477065;976;Porto Alegre;Roberto Ferreira;Notebook Dell Inspiron;Gary King;masculino;cartão de crédito
2026-02-22 15:23:44.632724;977;Rio de Janeiro;Pedro Souza;Fone de Ouvido Sony;David Wells;masculino;boleto
2026-02-22 19:53:38.425610;978;Rio de Janeiro;Juliana Almeida;Smartphone Samsung Galaxy;Chris Cummings;masculino;dinheiro
2026-02-22 20:18:39.934945;979;Rio de Janeiro;Pedro Souza;Fone de Ouvido Sony;Heather Horne;feminino;boleto
2026-02-22 22:31:37.397906;980;São Paulo;Lucas Pereira;Fone de Ouvido Sony;Marcus Heil;masculino;pix
2026-02-23 14:40:37.967680;981;Rio de Janeiro;Juliana Almeida;Smartphone Samsung Galaxy;Katie Boese;feminino;pix
2026-02-23 15:48:37.928658;982;São Paulo;Lucas Pereira;Smartwatch Garmin;Kyong Jungling;feminino;pix
2026-02-23 16:12:39.765802;983;Belo Horizonte;Fernanda Costa;Smartwatch Garmin;Harry Augustine;masculino;dinheiro
2026-02-23 17:00:37.268050;984;São Paulo;Lucas Pereira;Fone de Ouvido Sony;Marvin Flores;masculino;dinheiro
2026-02-23 17:46:35.737273;985;Porto Alegre;Roberto Ferreira;Fone de Ouvido Sony;Sandra Gilchrist;feminino;boleto
2026-02-23 18:15:36.201523;986;Rio de Janeiro;Juliana Almeida;Smartphone Samsung Galaxy;Brandon Brandon;masculino;pix
2026-02-23 20:39:37.312009;987;Porto Alegre;Roberto Ferreira;Tablet Apple Ipad;Bobbie Zaczek;masculino;boleto
2026-02-23 23:14:40.513458;988;São Paulo;Lucas Pereira;Smartphone Samsung Galaxy;Randy Sanders;masculino;pix
2026-02-24 15:19:44.148773;989;Porto Alegre;Mariana Gomes;Smartwatch Garmin;Carolyn Churchill;feminino;cartão de crédito
2026-02-24 15:44:38.474000;990;Florianópolis;Gabriela Santos;Notebook Dell Inspiron;Heather Grissett;feminino;dinheiro
2026-02-24 17:02:38.251402;991;Florianópolis;Tiago Lima;Smartwatch Garmin;Melanie Carroll;feminino;cartão de crédito
2026-02-24 17:19:43.983783;992;Porto Alegre;Mariana Gomes;Smartphone Samsung Galaxy;Jerry Webb;masculino;dinheiro
2026-02-24 19:52:40.956635;993;Porto Alegre;Roberto Ferreira;Smartwatch Garmin;Shirley Stubbs;feminino;pix
2026-02-24 21:42:43.498218;994;Belo Horizonte;Fernanda Costa;Tablet Apple Ipad;Becky Hagedorn;feminino;boleto
2026-02-24 22:20:35.444254;995;Florianópolis;Tiago Lima;Smartphone Samsung Galaxy;Gary Marquez;masculino;cartão de crédito
2026-02-25 13:46:36.909042;996;Rio de Janeiro;Pedro Souza;Notebook Dell Inspiron;Elza Mize;feminino;pix
2026-02-25 17:12:41.266669;997;Porto Alegre;Mariana Gomes;Smartwatch Garmin;Corey Adams;masculino;boleto
2026-02-25 18:37:38.127378;998;Rio de Janeiro;Pedro Souza;Notebook Dell Inspiron;Luis Toddy;masculino;dinheiro
2026-02-25 19:26:38.648111;999;Belo Horizonte;Carlos Silva;Fone de Ouvido Sony;Louis Horka;masculino;boleto
2026-02-25 21:33:44.690791;1000;Porto Alegre;Mariana Gomes;Smartwatch Garmin;Raymond Contreras;masculino;dinheiro
2026-02-25 23:02:40.943090;1001;São Paulo;Ana Oliveira;Smartphone Samsung Galaxy;Emily Dreher;feminino;dinheiro
2026-02-26 13:02:44.334800;1002;São Paulo;Lucas Pereira;Smartphone Samsung Galaxy;Ethel Williams;feminino;dinheiro
2026-02-26 15:18:35.661661;1003;Porto Alegre;Roberto Ferreira;Notebook Dell Inspiron;Melissa Patterson;feminino;dinheiro
2026-02-26 16:00:39.074010;1004;Porto Alegre;Roberto Ferreira;Notebook Dell Inspiron;Karen Henscheid;feminino;pix
2026-02-26 20:33:36.488370;1005;Porto Alegre;Mariana Gomes;Fone de Ouvido Sony;Roger Breeding;masculino;boleto
2026-02-26 23:12:41.965768;1006;Belo Horizonte;Carlos Silva;Fone de Ouvido Sony;Joyce Tidwell;feminino;pix
2026-02-27 12:59:38.709967;1007;Florianópolis;Gabriela Santos;Notebook Dell Inspiron;Thelma Jefferson;feminino;cartão de crédito
2026-02-27 13:14:45.375344;1008;Rio de Janeiro;Juliana Almeida;Smartwatch Garmin;Jason Hurley;masculino;dinheiro
2026-02-27 15:59:36.175589;1009;Rio de Janeiro;Juliana Almeida;Notebook Dell Inspiron;James Diaz;masculino;dinheiro
2026-02-27 16:28:45.867483;1010;São Paulo;Ana Oliveira;Notebook Dell Inspiron;Erica Smart;feminino;dinheiro
2026-02-27 18:05:43.843976;1011;São Paulo;Ana Oliveira;Notebook Dell Inspiron;Paula Faulds;feminino;cartão de crédito
2026-02-27 22:17:37.967303;1012;Belo Horizonte;Fernanda Costa;Smartwatch Garmin;Benjamin Rodriguez;masculino;boleto
2026-02-28 13:15:40.529471;1013;São Paulo;Ana Oliveira;Tablet Apple Ipad;Beverly Acklin;feminino;boleto
2026-02-28 14:59:41.218071;1014;São Paulo;Lucas Pereira;Notebook Dell Inspiron;Terry Mills;masculino;boleto
2026-02-28 15:07:44.449020;1015;Belo Horizonte;Carlos Silva;Fone de Ouvido Sony;Ed Roode;masculino;boleto
2026-02-28 17:26:36.317259;1016;São Paulo;Ana Oliveira;Tablet Apple Ipad;Gertrude Gross;feminino;boleto
2026-02-28 17:29:44.217624;1017;Porto Alegre;Roberto Ferreira;Tablet Apple Ipad;Leroy Gibson;masculino;boleto
2026-02-28 20:03:36.494160;1018;Porto Alegre;Roberto Ferreira;Notebook Dell Inspiron;Gregory Battle;masculino;pix
2026-02-28 23:11:43.065389;1019;Florianópolis;Gabriela Santos;Fone de Ouvido Sony;Laura James;feminino;cartão de crédito
2026-03-01 13:50:41.843212;1020;Belo Horizonte;Fernanda Costa;Notebook Dell Inspiron;Elizabeth Glowacky;feminino;boleto
2026-03-01 15:02:37.176625;1021;São Paulo;Ana Oliveira;Smartwatch Garmin;Belva Graves;feminino;cartão de crédito
2026-03-01 21:45:40.651083;1022;Belo Horizonte;Carlos Silva;Smartwatch Garmin;Mark Sproles;masculino;dinheiro
2026-03-01 22:21:40.539863;1023;Porto Alegre;Mariana Gomes;Notebook Dell Inspiron;John Frenzel;masculino;pix
2026-03-02 22:00:39.262388;1024;Porto Alegre;Roberto Ferreira;Notebook Dell Inspiron;Jordan Flenard;masculino;pix
2026-03-02 22:28:45.942002;1025;Porto Alegre;Roberto Ferreira;Tablet Apple Ipad;Christy Russell;feminino;pix
2026-03-03 14:04:37.030071;1026;São Paulo;Ana Oliveira;Smartphone Samsung Galaxy;Darrell Culler;masculino;cartão de crédito
2026-03-03 15:27:37.135409;1027;São Paulo;Ana Oliveira;Notebook Dell Inspiron;Renate Klein;feminino;boleto
2026-03-03 16:38:45.113382;1028;Rio de Janeiro;Pedro Souza;Fone de Ouvido Sony;Robert Razo;masculino;cartão de crédito
2026-03-03 21:02:36.189347;1029;Belo Horizonte;Carlos Silva;Smartphone Samsung Galaxy;John Crafford;masculino;dinheiro
2026-03-03 21:29:44.242328;1030;São Paulo;Lucas Pereira;Tablet Apple Ipad;Melinda Brower;feminino;pix
2026-03-03 21:31:37.980804;1031;Porto Alegre;Roberto Ferreira;Notebook Dell Inspiron;Jack Welsh;masculino;cartão de crédito
2026-03-03 23:20:41.915908;1032;São Paulo;Ana Oliveira;Smartwatch Garmin;Anna Garcia;feminino;pix
2026-03-04 13:36:38.092870;1033;São Paulo;Lucas Pereira;Tablet Apple Ipad;Sarah Manley;feminino;dinheiro
2026-03-04 13:46:36.924807;1034;Rio de Janeiro;Pedro Souza;Fone de Ouvido Sony;Marc Zamarripa;masculino;dinheiro
2026-03-04 16:52:43.398632;1035;Rio de Janeiro;Pedro Souza;Notebook Dell Inspiron;Ronald Love;masculino;dinheiro
2026-03-04 17:44:44.335412;1036;Rio de Janeiro;Pedro Souza;Smartphone Samsung Galaxy;Anna Iuliucci;feminino;dinheiro
2026-03-04 19:15:36.914947;1037;Rio de Janeiro;Pedro Souza;Smartwatch Garmin;Florencio Mccoy;masculino;pix
2026-03-04 19:15:40.947349;1038;Florianópolis;Tiago Lima;Notebook Dell Inspiron;Darcy Harman;feminino;dinheiro
2026-03-04 21:13:38.070584;1039;Porto Alegre;Mariana Gomes;Smartwatch Garmin;Alfred Blackburn;masculino;cartão de crédito
2026-03-04 23:10:35.738667;1040;Belo Horizonte;Fernanda Costa;Fone de Ouvido Sony;Joseph Doe;masculino;pix
2026-03-05 13:31:38.240661;1041;Florianópolis;Tiago Lima;Notebook Dell Inspiron;Ronald Wadsworth;masculino;dinheiro
2026-03-05 13:43:36.907633;1042;Porto Alegre;Mariana Gomes;Tablet Apple Ipad;Steven Wise;masculino;dinheiro
2026-03-05 14:49:40.018536;1043;Florianópolis;Gabriela Santos;Tablet Apple Ipad;Jessie Sena;masculino;cartão de crédito
2026-03-05 16:08:38.983346;1044;Florianópolis;Tiago Lima;Notebook Dell Inspiron;Renee Woodley;feminino;pix
2026-03-05 17:41:41.529586;1045;Florianópolis;Gabriela Santos;Smartphone Samsung Galaxy;Alexis Skipper;feminino;dinheiro
2026-03-05 20:50:38.877436;1046;Belo Horizonte;Fernanda Costa;Smartwatch Garmin;Kathy Gervasio;feminino;cartão de crédito
2026-03-05 23:04:38.775590;1047;Porto Alegre;Mariana Gomes;Tablet Apple Ipad;Robert Hodge;masculino;cartão de crédito
2026-03-06 12:47:37.138160;1048;Rio de Janeiro;Juliana Almeida;Smartwatch Garmin;Carlene Harris;feminino;dinheiro
2026-03-06 15:21:38.434599;1049;Rio de Janeiro;Pedro Souza;Smartwatch Garmin;Patrick James;masculino;cartão de crédito
2026-03-06 19:14:36.175829;1050;Florianópolis;Gabriela Santos;Smartphone Samsung Galaxy;Larry Chin;masculino;dinheiro
2026-03-06 19:41:40.205064;1051;Porto Alegre;Mariana Gomes;Smartwatch Garmin;Joseph Blake;masculino;dinheiro
2026-03-06 20:53:40.006752;1052;Florianópolis;Tiago Lima;Notebook Dell Inspiron;Monica Shultz;feminino;boleto
2026-03-06 22:26:43.712034;1053;Florianópolis;Tiago Lima;Smartwatch Garmin;Michael Long;masculino;boleto
2026-03-07 17:01:38.434841;1054;Florianópolis;Tiago Lima;Fone de Ouvido Sony;Angela Narro;feminino;cartão de crédito
2026-03-07 17:51:44.153299;1055;São Paulo;Ana Oliveira;Tablet Apple Ipad;Teddy Saling;masculino;boleto
2026-03-07 18:11:37.310471;1056;Porto Alegre;Roberto Ferreira;Smartwatch Garmin;Valerie Ramos;feminino;cartão de crédito
2026-03-07 20:00:35.917364;1057;Belo Horizonte;Carlos Silva;Fone de Ouvido Sony;Gregory Wanda;masculino;pix
2026-03-07 20:09:41.745038;1058;Florianópolis;Tiago Lima;Tablet Apple Ipad;Ray Claassen;masculino;pix
2026-03-07 20:29:36.859530;1059;São Paulo;Lucas Pereira;Notebook Dell Inspiron;Michael Villegas;masculino;pix
2026-03-07 22:53:36.365284;1060;Rio de Janeiro;Pedro Souza;Smartphone Samsung Galaxy;Eileen Taylor;feminino;dinheiro
2026-03-08 13:07:43.097007;1061;Florianópolis;Gabriela Santos;Fone de Ouvido Sony;Clint Lisonbee;masculino;pix
2026-03-08 15:42:39.606574;1062;São Paulo;Lucas Pereira;Smartwatch Garmin;Alma Tedesco;feminino;dinheiro
2026-03-08 18:11:37.428664;1063;Porto Alegre;Roberto Ferreira;Smartwatch Garmin;Judith Dillard;feminino;pix
2026-03-08 19:43:45.319117;1064;Belo Horizonte;Fernanda Costa;Fone de Ouvido Sony;Nancy Wright;feminino;pix
2026-03-08 20:28:44.219587;1065;Porto Alegre;Roberto Ferreira;Smartwatch Garmin;Joseph Price;masculino;boleto
2026-03-08 21:19:45.400935;1066;Florianópolis;Tiago Lima;Notebook Dell Inspiron;Abigail Kruger;feminino;boleto
2026-03-08 23:06:40.825759;1067;Rio de Janeiro;Juliana Almeida;Tablet Apple Ipad;Shirley Shield;feminino;dinheiro
2026-03-09 12:28:36.273651;1068;Porto Alegre;Mariana Gomes;Tablet Apple Ipad;Christina Rottenberg;feminino;boleto
2026-03-09 12:46:41.815060;1069;Florianópolis;Gabriela Santos;Notebook Dell Inspiron;Mary Campanelli;feminino;cartão de crédito
2026-03-10 15:21:36.422168;1070;Porto Alegre;Mariana Gomes;Fone de Ouvido Sony;Jasmine Hardy;feminino;pix
2026-03-10 16:07:41.077035;1071;Porto Alegre;Mariana Gomes;Fone de Ouvido Sony;Eric Portwood;masculino;dinheiro
2026-03-10 17:07:36.991815;1072;Porto Alegre;Mariana Gomes;Notebook Dell Inspiron;Jose Melton;masculino;cartão de crédito
2026-03-10 21:06:45.850281;1073;Porto Alegre;Mariana Gomes;Notebook Dell Inspiron;Shawn Chaves;masculino;dinheiro
2026-03-10 21:07:35.656786;1074;Porto Alegre;Mariana Gomes;Smartwatch Garmin;Garnett Robinson;feminino;dinheiro
2026-03-11 13:20:42.277005;1075;Rio de Janeiro;Juliana Almeida;Fone de Ouvido Sony;Carlos Mason;masculino;pix
2026-03-11 13:49:38.426481;1076;São Paulo;Ana Oliveira;Smartphone Samsung Galaxy;Susan Dasilva;feminino;cartão de crédito
2026-03-11 18:04:35.382602;1077;Porto Alegre;Mariana Gomes;Fone de Ouvido Sony;Joelle Crump;feminino;dinheiro
2026-03-11 18:28:37.097895;1078;Florianópolis;Tiago Lima;Smartwatch Garmin;David Davis;masculino;cartão de crédito
2026-03-11 19:06:41.635274;1079;Belo Horizonte;Fernanda Costa;Smartwatch Garmin;Millard Schmidt;masculino;pix
2026-03-11 19:12:35.551928;1080;Belo Horizonte;Carlos Silva;Fone de Ouvido Sony;Stephen Batten;masculino;dinheiro
2026-03-11 22:41:39.006923;1081;Rio de Janeiro;Juliana Almeida;Smartwatch Garmin;Rose Mccaslin;feminino;dinheiro
2026-03-11 23:05:37.388689;1082;São Paulo;Lucas Pereira;Smartphone Samsung Galaxy;Laura Rochester;feminino;dinheiro
2026-03-11 23:24:36.992396;1083;Porto Alegre;Mariana Gomes;Fone de Ouvido Sony;Alfred Miller;masculino;boleto
2026-03-12 13:07:40.552071;1084;Porto Alegre;Mariana Gomes;Smartphone Samsung Galaxy;Gary Ackman;masculino;pix
2026-03-12 17:40:41.075070;1085;Rio de Janeiro;Pedro Souza;Notebook Dell Inspiron;Keith Mosher;masculino;boleto
2026-03-12 17:47:36.628286;1086;Porto Alegre;Roberto Ferreira;Smartwatch Garmin;Ted Krasley;masculino;pix
2026-03-12 19:23:37.137107;1087;Florianópolis;Gabriela Santos;Smartwatch Garmin;Patrick Francis;masculino;pix
2026-03-12 21:46:45.794208;1088;Belo Horizonte;Carlos Silva;Smartphone Samsung Galaxy;Warren Hoover;masculino;boleto
2026-03-13 13:32:42.393626;1089;Belo Horizonte;Carlos Silva;Smartphone Samsung Galaxy;Melvin Manning;masculino;cartão de crédito
2026-03-13 16:41:38.558770;1090;Florianópolis;Tiago Lima;Smartphone Samsung Galaxy;Anthony Allton;masculino;cartão de crédito
2026-03-13 18:43:35.451405;1091;São Paulo;Ana Oliveira;Fone de Ouvido Sony;Lolita Rimple;feminino;dinheiro
2026-03-13 18:53:44.669257;1092;Rio de Janeiro;Juliana Almeida;Notebook Dell Inspiron;Edward Agin;masculino;dinheiro
2026-03-13 21:16:42.892040;1093;Belo Horizonte;Fernanda Costa;Tablet Apple Ipad;Pamela Raley;feminino;pix
2026-03-13 22:46:39.137681;1094;Florianópolis;Gabriela Santos;Smartphone Samsung Galaxy;Julio Ketterman;masculino;dinheiro
2026-03-14 15:35:36.573138;1095;Porto Alegre;Mariana Gomes;Smartphone Samsung Galaxy;George Strop;masculino;dinheiro
2026-03-14 18:13:45.804720;1096;Florianópolis;Gabriela Santos;Smartphone Samsung Galaxy;Anne Ripper;feminino;pix
2026-03-14 21:45:44.496636;1097;Belo Horizonte;Carlos Silva;Smartphone Samsung Galaxy;Leigh Robinson;feminino;dinheiro
2026-03-15 16:02:42.596336;1098;Belo Horizonte;Fernanda Costa;Smartphone Samsung Galaxy;Matthew Montgomery;masculino;cartão de crédito
2026-03-15 17:54:35.634636;1099;São Paulo;Ana Oliveira;Tablet Apple Ipad;Marc Marier;masculino;boleto
2026-03-15 20:17:35.659135;1100;Rio de Janeiro;Juliana Almeida;Fone de Ouvido Sony;Sherry Duncan;feminino;boleto
2026-03-15 20:24:39.525156;1101;Belo Horizonte;Carlos Silva;Smartphone Samsung Galaxy;John Jones;masculino;pix
2026-03-16 13:03:35.509209;1102;Rio de Janeiro;Juliana Almeida;Smartwatch Garmin;Andrea Walker;feminino;boleto
2026-03-16 15:45:44.058089;1103;São Paulo;Ana Oliveira;Smartwatch Garmin;Lottie Fetterhoff;feminino;pix
2026-03-16 21:13:35.199970;1104;Florianópolis;Tiago Lima;Smartphone Samsung Galaxy;Myrtle Hassard;feminino;boleto
2026-03-16 22:35:43.712449;1105;São Paulo;Ana Oliveira;Smartphone Samsung Galaxy;Gloria Hayes;feminino;pix
2026-03-16 23:01:37.092473;1106;Belo Horizonte;Fernanda Costa;Smartwatch Garmin;Deanne Settle;feminino;boleto
2026-03-17 12:32:36.346419;1107;São Paulo;Ana Oliveira;Fone de Ouvido Sony;Alice Sparr;feminino;pix
2026-03-17 15:58:38.194072;1108;Belo Horizonte;Carlos Silva;Smartphone Samsung Galaxy;Albert Dufrene;masculino;dinheiro
2026-03-17 19:11:35.178879;1109;São Paulo;Ana Oliveira;Notebook Dell Inspiron;Jeffrey Wilson;masculino;cartão de crédito
2026-03-17 19:38:40.093179;1110;Belo Horizonte;Carlos Silva;Smartwatch Garmin;Kimberly Shaw;feminino;boleto
2026-03-17 22:20:38.177722;1111;Rio de Janeiro;Juliana Almeida;Smartphone Samsung Galaxy;Scott Magruder;masculino;pix
2026-03-18 14:32:45.803513;1112;Florianópolis;Gabriela Santos;Notebook Dell Inspiron;Wayne Townsend;masculino;dinheiro
2026-03-18 15:21:43.553866;1113;Porto Alegre;Roberto Ferreira;Fone de Ouvido Sony;Charles Curran;masculino;pix
2026-03-18 17:14:39.640245;1114;Porto Alegre;Mariana Gomes;Notebook Dell Inspiron;Valorie Cochran;feminino;dinheiro
2026-03-18 19:18:45.171203;1115;Rio de Janeiro;Pedro Souza;Smartwatch Garmin;Edward Morse;masculino;boleto
2026-03-18 19:20:39.857053;1116;Porto Alegre;Roberto Ferreira;Smartwatch Garmin;Iva Smith;feminino;boleto
2026-03-18 22:50:38.271222;1117;Florianópolis;Gabriela Santos;Notebook Dell Inspiron;Frank Campisi;masculino;cartão de crédito
2026-03-19 13:31:44.326418;1118;Rio de Janeiro;Juliana Almeida;Smartwatch Garmin;Mario Holmes;masculino;pix
2026-03-19 22:33:44.218188;1119;Rio de Janeiro;Pedro Souza;Tablet Apple Ipad;Christopher Price;masculino;cartão de crédito
2026-03-19 22:48:45.467258;1120;Belo Horizonte;Fernanda Costa;Tablet Apple Ipad;Frank Trevino;masculino;pix
2026-03-20 16:19:35.950887;1121;Porto Alegre;Roberto Ferreira;Fone de Ouvido Sony;Nancy Roesser;feminino;boleto
2026-03-20 18:05:40.756648;1122;Porto Alegre;Mariana Gomes;Fone de Ouvido Sony;Viviana Gordon;feminino;pix
2026-03-20 18:13:45.304629;1123;Florianópolis;Tiago Lima;Smartwatch Garmin;Wesley Viens;masculino;pix
2026-03-20 19:25:39.869020;1124;Belo Horizonte;Fernanda Costa;Smartwatch Garmin;Maurice Garcia;masculino;cartão de crédito
2026-03-20 20:33:41.891928;1125;Belo Horizonte;Carlos Silva;Smartphone Samsung Galaxy;Ralph Austin;masculino;pix
2026-03-20 22:52:44.212280;1126;São Paulo;Ana Oliveira;Smartphone Samsung Galaxy;Francine Wagner;feminino;cartão de crédito
2026-03-21 13:38:39.594477;1127;Rio de Janeiro;Pedro Souza;Smartwatch Garmin;Kenneth Boysen;masculino;cartão de crédito
2026-03-21 17:24:41.315121;1128;Florianópolis;Tiago Lima;Fone de Ouvido Sony;William Conley;masculino;pix
2026-03-21 20:18:41.744417;1129;Porto Alegre;Roberto Ferreira;Notebook Dell Inspiron;Mathew Cox;masculino;boleto
2026-03-21 23:03:41.775076;1130;Florianópolis;Tiago Lima;Notebook Dell Inspiron;Amanda Batts;feminino;boleto
2026-03-22 21:16:39.600883;1131;Porto Alegre;Mariana Gomes;Tablet Apple Ipad;Matthew Palmer;masculino;boleto
2026-03-22 21:21:36.559118;1132;Belo Horizonte;Carlos Silva;Fone de Ouvido Sony;Debra Morris;feminino;dinheiro
2026-03-22 23:14:35.509594;1133;Belo Horizonte;Carlos Silva;Tablet Apple Ipad;Angela Gutierrez;feminino;boleto
2026-03-23 13:20:45.427284;1134;Porto Alegre;Roberto Ferreira;Smartphone Samsung Galaxy;Nancy Payan;feminino;pix
2026-03-23 17:06:41.780056;1135;Belo Horizonte;Carlos Silva;Notebook Dell Inspiron;Mollie Williams;feminino;cartão de crédito
2026-03-23 17:34:39.670999;1136;Florianópolis;Gabriela Santos;Notebook Dell Inspiron;Alton Fink;masculino;pix
2026-03-23 17:51:43.908836;1137;Porto Alegre;Mariana Gomes;Fone de Ouvido Sony;Preston Mcgee;masculino;cartão de crédito
2026-03-23 19:08:36.852451;1138;São Paulo;Lucas Pereira;Smartphone Samsung Galaxy;Gregory Smith;masculino;pix
2026-03-24 13:02:45.708607;1139;Florianópolis;Tiago Lima;Smartwatch Garmin;Sherry Christner;feminino;pix
2026-03-24 13:04:36.143986;1140;Florianópolis;Tiago Lima;Fone de Ouvido Sony;Pearl Fortier;feminino;cartão de crédito
2026-03-24 14:02:38.191126;1141;Porto Alegre;Roberto Ferreira;Smartphone Samsung Galaxy;Sharon Woodward;feminino;boleto
2026-03-24 14:37:43.917454;1142;Porto Alegre;Mariana Gomes;Smartphone Samsung Galaxy;Linda Livermore;feminino;boleto
2026-03-24 16:42:40.009344;1143;Rio de Janeiro;Pedro Souza;Smartwatch Garmin;Edward Kibbe;masculino;dinheiro
2026-03-24 18:18:38.351089;1144;São Paulo;Ana Oliveira;Notebook Dell Inspiron;Lawrence Smith;masculino;boleto
2026-03-24 20:59:40.487301;1145;Belo Horizonte;Fernanda Costa;Smartphone Samsung Galaxy;Evelyn Mcgown;feminino;boleto
2026-03-25 13:21:45.344595;1146;Belo Horizonte;Fernanda Costa;Notebook Dell Inspiron;Tamara Carner;feminino;dinheiro
2026-03-25 14:05:39.476974;1147;Florianópolis;Gabriela Santos;Tablet Apple Ipad;Chris Gamble;feminino;pix
2026-03-25 22:29:45.584675;1148;Rio de Janeiro;Pedro Souza;Tablet Apple Ipad;Gladis Won;feminino;boleto
2026-03-26 12:33:45.677763;1149;Belo Horizonte;Carlos Silva;Smartphone Samsung Galaxy;John Villarreal;masculino;boleto
2026-03-26 14:37:43.373432;1150;São Paulo;Lucas Pereira;Smartphone Samsung Galaxy;Yolanda Gaither;feminino;dinheiro
2026-03-26 14:44:43.481889;1151;Belo Horizonte;Carlos Silva;Tablet Apple Ipad;Richard Jones;masculino;pix
2026-03-26 14:48:37.355293;1152;Belo Horizonte;Carlos Silva;Fone de Ouvido Sony;Raul Williams;masculino;pix
2026-03-27 14:30:36.824045;1153;São Paulo;Lucas Pereira;Notebook Dell Inspiron;Ruth Grams;feminino;boleto
2026-03-27 18:26:35.443579;1154;Belo Horizonte;Carlos Silva;Tablet Apple Ipad;Troy Albert;masculino;boleto
2026-03-28 14:56:42.282086;1155;São Paulo;Lucas Pereira;Fone de Ouvido Sony;Lashonda Hughes;feminino;pix
2026-03-28 17:01:37.117198;1156;Rio de Janeiro;Juliana Almeida;Smartwatch Garmin;Keith Reese;masculino;dinheiro
2026-03-28 17:13:40.233176;1157;São Paulo;Ana Oliveira;Smartphone Samsung Galaxy;Austin Schappert;masculino;cartão de crédito
2026-03-28 20:22:38.897289;1158;São Paulo;Ana Oliveira;Smartphone Samsung Galaxy;Sarah Mason;feminino;boleto
2026-03-29 13:14:39.683878;1159;Rio de Janeiro;Juliana Almeida;Smartwatch Garmin;Mary Clark;feminino;pix
2026-03-29 18:19:40.087549;1160;São Paulo;Lucas Pereira;Tablet Apple Ipad;Diane Workman;feminino;cartão de crédito
2026-03-29 20:39:45.520651;1161;Florianópolis;Gabriela Santos;Smartphone Samsung Galaxy;Ruth Sylvester;feminino;dinheiro
2026-03-29 23:12:39.609648;1162;Belo Horizonte;Fernanda Costa;Tablet Apple Ipad;Betty Meade;feminino;dinheiro
2026-03-30 13:08:37.475990;1163;Belo Horizonte;Fernanda Costa;Tablet Apple Ipad;Nakia Zimmerman;feminino;pix
2026-03-30 18:00:39.797567;1164;Belo Horizonte;Carlos Silva;Smartwatch Garmin;Cora Vigue;feminino;cartão de crédito
2026-03-30 19:12:42.840828;1165;Florianópolis;Gabriela Santos;Fone de Ouvido Sony;Michael Thong;masculino;dinheiro
2026-03-30 21:45:36.906572;1166;Florianópolis;Gabriela Santos;Smartwatch Garmin;Marty Beltran;masculino;pix
2026-03-30 22:53:40.622705;1167;Porto Alegre;Mariana Gomes;Fone de Ouvido Sony;David Taylor;masculino;cartão de crédito
2026-03-30 23:14:39.136548;1168;São Paulo;Ana Oliveira;Notebook Dell Inspiron;Lynne Moyer;feminino;dinheiro
2026-03-31 13:20:38.715506;1169;Porto Alegre;Mariana Gomes;Smartphone Samsung Galaxy;Gayle Akins;feminino;boleto
2026-03-31 16:59:37.080699;1170;Porto Alegre;Roberto Ferreira;Notebook Dell Inspiron;Amy Campbell;feminino;cartão de crédito
2026-03-31 18:26:35.608436;1171;Florianópolis;Gabriela Santos;Notebook Dell Inspiron;Stacie Sharp;feminino;dinheiro
2026-03-31 18:40:38.625774;1172;São Paulo;Lucas Pereira;Fone de Ouvido Sony;Henry Rossiter;masculino;boleto
2026-03-31 21:02:39.094624;1173;Porto Alegre;Mariana Gomes;Smartwatch Garmin;John Parham;masculino;boleto
2026-03-31 22:23:43.904855;1174;Porto Alegre;Mariana Gomes;Notebook Dell Inspiron;Alex Bell;masculino;pix
2026-04-01 16:44:35.249993;1175;Rio de Janeiro;Pedro Souza;Fone de Ouvido Sony;Charles Jackson;masculino;boleto
2026-04-01 16:54:36.619709;1176;Belo Horizonte;Carlos Silva;Smartwatch Garmin;Bob Williams;masculino;dinheiro
2026-04-01 17:48:36.124063;1177;São Paulo;Lucas Pereira;Smartwatch Garmin;Hazel Morrow;feminino;boleto
2026-04-01 19:02:39.461026;1178;São Paulo;Lucas Pereira;Smartphone Samsung Galaxy;Katrina Gunderson;feminino;boleto
2026-04-01 19:58:39.472204;1179;Porto Alegre;Roberto Ferreira;Fone de Ouvido Sony;Maria Pugh;feminino;pix
2026-04-02 14:39:37.117571;1180;Rio de Janeiro;Pedro Souza;Smartwatch Garmin;Alexander Dent;masculino;cartão de crédito
2026-04-02 18:08:45.578600;1181;São Paulo;Lucas Pereira;Notebook Dell Inspiron;Lewis Gonzalez;masculino;pix
2026-04-02 20:30:41.827680;1182;Porto Alegre;Mariana Gomes;Tablet Apple Ipad;Juliette Lane;feminino;dinheiro
2026-04-02 22:26:39.764717;1183;São Paulo;Lucas Pereira;Tablet Apple Ipad;Keisha Combs;feminino;pix
2026-04-02 22:53:35.423360;1184;São Paulo;Lucas Pereira;Smartwatch Garmin;Jerome Gabrielsen;masculino;dinheiro
2026-04-03 15:05:42.286636;1185;Rio de Janeiro;Pedro Souza;Tablet Apple Ipad;David Kitterman;masculino;pix
2026-04-03 20:37:35.561879;1186;Belo Horizonte;Fernanda Costa;Smartphone Samsung Galaxy;Allen Shoji;masculino;dinheiro
2026-04-03 22:00:38.066792;1187;Florianópolis;Tiago Lima;Tablet Apple Ipad;Taylor Fuller;masculino;boleto
2026-04-04 13:39:45.870423;1188;Rio de Janeiro;Pedro Souza;Fone de Ouvido Sony;Albert Rowold;masculino;boleto
2026-04-04 15:27:35.447446;1189;Rio de Janeiro;Pedro Souza;Notebook Dell Inspiron;Mary Lovell;feminino;boleto
2026-04-04 17:48:45.823504;1190;Rio de Janeiro;Pedro Souza;Fone de Ouvido Sony;Jane Horton;feminino;pix
2026-04-04 22:28:40.410896;1191;Porto Alegre;Mariana Gomes;Smartphone Samsung Galaxy;Bobby Mays;masculino;dinheiro
2026-04-04 23:03:35.740908;1192;Florianópolis;Gabriela Santos;Smartwatch Garmin;Anne Shinault;feminino;dinheiro
2026-04-05 15:52:38.873082;1193;Rio de Janeiro;Juliana Almeida;Smartphone Samsung Galaxy;Rachel Lowther;feminino;boleto
2026-04-05 19:43:35.949164;1194;Porto Alegre;Roberto Ferreira;Fone de Ouvido Sony;Shena Cantrell;feminino;pix
2026-04-05 20:30:35.876758;1195;São Paulo;Lucas Pereira;Smartwatch Garmin;Mark Johnson;masculino;boleto
2026-04-05 21:09:37.587389;1196;Rio de Janeiro;Juliana Almeida;Tablet Apple Ipad;Sharon Longoria;feminino;cartão de crédito
2026-04-05 21:20:41.527600;1197;Rio de Janeiro;Juliana Almeida;Tablet Apple Ipad;Jule Davis;feminino;cartão de crédito
2026-04-05 21:44:42.790255;1198;Belo Horizonte;Carlos Silva;Smartphone Samsung Galaxy;Dorothea Mata;feminino;pix
2026-04-06 13:40:39.726353;1199;São Paulo;Ana Oliveira;Fone de Ouvido Sony;Gregory Gascho;masculino;boleto
2026-04-06 21:25:39.567649;1200;São Paulo;Lucas Pereira;Fone de Ouvido Sony;Wayne Taylor;masculino;cartão de crédito
2026-04-07 18:17:39.568968;1201;Belo Horizonte;Fernanda Costa;Notebook Dell Inspiron;Donald Henline;masculino;cartão de crédito
2026-04-07 18:32:38.189842;1202;Florianópolis;Tiago Lima;Fone de Ouvido Sony;Jesse Medina;masculino;pix
2026-04-07 19:45:35.661905;1203;Florianópolis;Tiago Lima;Fone de Ouvido Sony;Joseph Kilberg;masculino;pix
2026-04-07 19:58:36.300764;1204;Belo Horizonte;Carlos Silva;Tablet Apple Ipad;Frank Richardson;masculino;boleto
2026-04-07 23:25:38.647101;1205;São Paulo;Ana Oliveira;Smartwatch Garmin;Robin Pollard;feminino;dinheiro
2026-04-08 15:11:41.393335;1206;São Paulo;Ana Oliveira;Notebook Dell Inspiron;Jay Williamson;masculino;cartão de crédito
2026-04-08 16:09:38.715132;1207;Rio de Janeiro;Pedro Souza;Tablet Apple Ipad;Joan Martin;feminino;dinheiro
2026-04-08 16:24:42.413546;1208;Rio de Janeiro;Pedro Souza;Notebook Dell Inspiron;James Poteete;masculino;pix
2026-04-08 17:09:41.185550;1209;Porto Alegre;Mariana Gomes;Tablet Apple Ipad;Linda Arterbury;feminino;cartão de crédito
2026-04-08 22:34:37.098085;1210;Florianópolis;Tiago Lima;Smartphone Samsung Galaxy;John Gates;masculino;dinheiro
2026-04-09 14:45:45.405147;1211;Florianópolis;Tiago Lima;Smartwatch Garmin;Norma Lockett;feminino;cartão de crédito
2026-04-09 18:17:35.346955;1212;São Paulo;Ana Oliveira;Smartwatch Garmin;Clara Sias;feminino;pix
2026-04-09 22:10:37.174497;1213;Belo Horizonte;Fernanda Costa;Fone de Ouvido Sony;Gerald Little;masculino;boleto
2026-04-10 15:57:38.089505;1214;Porto Alegre;Roberto Ferreira;Notebook Dell Inspiron;Gregory Allgood;masculino;boleto
2026-04-10 16:26:38.493586;1215;Florianópolis;Tiago Lima;Tablet Apple Ipad;Yvonne Silva;feminino;pix
2026-04-10 20:49:37.270183;1216;Porto Alegre;Mariana Gomes;Notebook Dell Inspiron;Frances Gaters;feminino;cartão de crédito
2026-04-11 18:14:39.384470;1217;São Paulo;Lucas Pereira;Fone de Ouvido Sony;Adam Johnson;masculino;cartão de crédito
2026-04-11 18:57:45.403708;1218;São Paulo;Ana Oliveira;Notebook Dell Inspiron;Robert Morris;masculino;cartão de crédito
2026-04-11 21:52:37.208577;1219;Belo Horizonte;Carlos Silva;Fone de Ouvido Sony;Don Jarrett;masculino;pix
2026-04-11 22:17:45.944049;1220;Rio de Janeiro;Juliana Almeida;Smartwatch Garmin;William Sparks;masculino;cartão de crédito
2026-04-12 12:30:40.908631;1221;Belo Horizonte;Carlos Silva;Smartwatch Garmin;James Jackson;masculino;boleto
2026-04-12 13:20:41.767394;1222;Belo Horizonte;Carlos Silva;Smartphone Samsung Galaxy;Richard Black;masculino;cartão de crédito
2026-04-12 15:47:40.844388;1223;São Paulo;Ana Oliveira;Smartwatch Garmin;Jackson Hayes;masculino;boleto
2026-04-12 17:23:43.301548;1224;São Paulo;Lucas Pereira;Smartwatch Garmin;Ruth Desjardins;feminino;pix
2026-04-12 19:20:35.829192;1225;Florianópolis;Gabriela Santos;Notebook Dell Inspiron;Gerald Rodrigues;masculino;dinheiro
2026-04-12 19:33:44.245236;1226;Florianópolis;Tiago Lima;Smartphone Samsung Galaxy;Jean Guernsey;feminino;boleto
2026-04-12 20:31:36.077027;1227;São Paulo;Ana Oliveira;Smartphone Samsung Galaxy;Alberta Payne;feminino;pix
2026-04-12 21:10:44.220095;1228;Belo Horizonte;Fernanda Costa;Smartwatch Garmin;Margaret Chandler;feminino;cartão de crédito
2026-04-13 12:51:36.923796;1229;Rio de Janeiro;Juliana Almeida;Smartphone Samsung Galaxy;Steven Stubbs;masculino;pix
2026-04-13 13:26:39.575543;1230;Porto Alegre;Roberto Ferreira;Notebook Dell Inspiron;Maurice Cummings;masculino;pix
2026-04-13 18:32:39.794647;1231;Belo Horizonte;Fernanda Costa;Fone de Ouvido Sony;Bill Reid;masculino;cartão de crédito
2026-04-13 19:14:44.237014;1232;Belo Horizonte;Fernanda Costa;Notebook Dell Inspiron;Rene Rogers;masculino;boleto
2026-04-13 19:29:38.192259;1233;Rio de Janeiro;Juliana Almeida;Smartphone Samsung Galaxy;Jacque Michael;feminino;cartão de crédito
2026-04-13 19:37:38.018384;1234;Porto Alegre;Roberto Ferreira;Notebook Dell Inspiron;Lauren Garcia;feminino;cartão de crédito
2026-04-14 12:46:42.976531;1235;Porto Alegre;Roberto Ferreira;Tablet Apple Ipad;Matthew Tarver;masculino;cartão de crédito
2026-04-14 17:34:38.480340;1236;Porto Alegre;Roberto Ferreira;Smartphone Samsung Galaxy;Clyde Panella;masculino;cartão de crédito
2026-04-14 20:16:38.899679;1237;São Paulo;Lucas Pereira;Smartwatch Garmin;Jewell Stein;feminino;dinheiro
2026-04-14 23:01:38.778457;1238;Florianópolis;Tiago Lima;Fone de Ouvido Sony;Danny Harbeson;masculino;boleto
2026-04-15 17:50:42.177667;1239;Belo Horizonte;Fernanda Costa;Smartwatch Garmin;Greg Carter;masculino;pix
2026-04-15 19:44:44.278949;1240;Belo Horizonte;Carlos Silva;Notebook Dell Inspiron;Amy Barreto;feminino;cartão de crédito
2026-04-15 21:26:42.085006;1241;Florianópolis;Gabriela Santos;Smartwatch Garmin;Ronald King;masculino;pix
2026-04-15 21:27:40.413919;1242;São Paulo;Lucas Pereira;Tablet Apple Ipad;Ethel Freel;feminino;pix
2026-04-16 15:29:42.999105;1243;Porto Alegre;Mariana Gomes;Notebook Dell Inspiron;Steven Hutzler;masculino;pix
2026-04-17 13:11:38.190231;1244;Belo Horizonte;Carlos Silva;Smartphone Samsung Galaxy;Connie Vogel;feminino;dinheiro
2026-04-17 13:43:40.398308;1245;Florianópolis;Gabriela Santos;Fone de Ouvido Sony;Earl Davis;masculino;cartão de crédito
2026-04-17 15:05:42.135324;1246;Belo Horizonte;Carlos Silva;Notebook Dell Inspiron;Nora Paulus;feminino;cartão de crédito
2026-04-17 23:24:44.499217;1247;Rio de Janeiro;Pedro Souza;Notebook Dell Inspiron;Lashonda Spencer;feminino;dinheiro
2026-04-18 14:04:42.363281;1248;Florianópolis;Gabriela Santos;Notebook Dell Inspiron;Leroy Gunn;masculino;dinheiro
2026-04-18 14:54:35.837180;1249;São Paulo;Ana Oliveira;Tablet Apple Ipad;Annie Quinones;feminino;pix
2026-04-18 18:21:42.394105;1250;São Paulo;Lucas Pereira;Smartwatch Garmin;David Minvielle;masculino;cartão de crédito
2026-04-18 19:25:41.073978;1251;Porto Alegre;Roberto Ferreira;Smartwatch Garmin;Martha Becker;feminino;boleto
2026-04-18 23:18:40.061883;1252;Rio de Janeiro;Juliana Almeida;Fone de Ouvido Sony;Beth Preusser;feminino;cartão de crédito
2026-04-19 15:59:42.593063;1253;Belo Horizonte;Fernanda Costa;Smartwatch Garmin;Travis Allen;masculino;cartão de crédito
2026-04-19 16:03:44.224009;1254;São Paulo;Lucas Pereira;Notebook Dell Inspiron;Brianna Shafer;feminino;dinheiro
2026-04-19 21:24:41.499040;1255;Florianópolis;Gabriela Santos;Notebook Dell Inspiron;Renato Wilson;masculino;boleto
2026-04-19 21:52:37.780564;1256;Rio de Janeiro;Juliana Almeida;Tablet Apple Ipad;Mark Adams;masculino;dinheiro
2026-04-20 13:08:43.798657;1257;Rio de Janeiro;Juliana Almeida;Smartphone Samsung Galaxy;Bobby Wilson;masculino;dinheiro
2026-04-20 14:04:37.713546;1258;Rio de Janeiro;Pedro Souza;Fone de Ouvido Sony;William Trinidad;masculino;cartão de crédito
2026-04-20 15:11:35.358669;1259;Porto Alegre;Mariana Gomes;Smartphone Samsung Galaxy;Imogene Conroy;feminino;boleto
2026-04-20 17:04:43.799949;1260;Rio de Janeiro;Juliana Almeida;Notebook Dell Inspiron;Christy Rayl;feminino;boleto
2026-04-20 21:47:42.584218;1261;Belo Horizonte;Fernanda Costa;Fone de Ouvido Sony;Rachel Shutt;feminino;dinheiro
2026-04-21 13:53:36.171962;1262;Belo Horizonte;Fernanda Costa;Notebook Dell Inspiron;John Lee;masculino;pix
2026-04-21 15:31:43.901030;1263;Porto Alegre;Mariana Gomes;Tablet Apple Ipad;Velma Crane;feminino;boleto
2026-04-21 17:42:42.988360;1264;Rio de Janeiro;Juliana Almeida;Notebook Dell Inspiron;Jerome Neilson;masculino;cartão de crédito
2026-04-21 19:04:35.556019;1265;Belo Horizonte;Fernanda Costa;Notebook Dell Inspiron;June Huber;feminino;pix
2026-04-22 16:03:41.074439;1266;São Paulo;Lucas Pereira;Fone de Ouvido Sony;Keri Peterson;feminino;dinheiro
2026-04-22 16:26:45.824974;1267;Belo Horizonte;Carlos Silva;Fone de Ouvido Sony;Latia Tudela;feminino;cartão de crédito
2026-04-22 16:49:37.927810;1268;Porto Alegre;Mariana Gomes;Notebook Dell Inspiron;Ruby Mcallister;feminino;boleto
2026-04-22 17:34:44.202740;1269;Rio de Janeiro;Pedro Souza;Fone de Ouvido Sony;Maria Bourg;feminino;pix
2026-04-22 19:24:38.766657;1270;Porto Alegre;Mariana Gomes;Tablet Apple Ipad;Barbara Vedder;feminino;cartão de crédito
2026-04-22 22:19:38.890101;1271;São Paulo;Ana Oliveira;Tablet Apple Ipad;Fernando Randolph;masculino;pix
2026-04-22 22:49:38.548473;1272;Porto Alegre;Mariana Gomes;Smartphone Samsung Galaxy;Curtis Mills;masculino;cartão de crédito
2026-04-23 16:03:40.078049;1273;São Paulo;Lucas Pereira;Smartphone Samsung Galaxy;Lashanda Smith;feminino;boleto
2026-04-23 16:17:38.549395;1274;Porto Alegre;Roberto Ferreira;Fone de Ouvido Sony;Krista Knopf;feminino;boleto
2026-04-23 17:56:42.035889;1275;Florianópolis;Gabriela Santos;Smartphone Samsung Galaxy;Mercedes Sinnott;feminino;cartão de crédito
2026-04-23 18:28:39.941002;1276;Belo Horizonte;Carlos Silva;Tablet Apple Ipad;Jane Martinez;feminino;boleto
2026-04-23 22:41:45.821826;1277;São Paulo;Lucas Pereira;Tablet Apple Ipad;Arlen Russell;masculino;boleto
2026-04-23 22:51:41.073707;1278;Rio de Janeiro;Juliana Almeida;Smartphone Samsung Galaxy;Lisa Clark;feminino;cartão de crédito
2026-04-23 23:11:36.413748;1279;Belo Horizonte;Carlos Silva;Fone de Ouvido Sony;Michael Mcghee;masculino;cartão de crédito
2026-04-24 13:04:42.045281;1280;Rio de Janeiro;Pedro Souza;Smartphone Samsung Galaxy;John Lawless;masculino;boleto
2026-04-24 13:40:39.941330;1281;São Paulo;Lucas Pereira;Notebook Dell Inspiron;Charles Baldwin;masculino;boleto
2026-04-24 13:54:38.632366;1282;Rio de Janeiro;Juliana Almeida;Smartwatch Garmin;Tracy Standridge;feminino;dinheiro
2026-04-24 15:02:39.211558;1283;Florianópolis;Tiago Lima;Smartphone Samsung Galaxy;Peter Corbett;masculino;dinheiro
2026-04-24 16:03:41.471385;1284;Belo Horizonte;Carlos Silva;Notebook Dell Inspiron;Mary Decelle;feminino;boleto
2026-04-24 19:56:36.013689;1285;São Paulo;Ana Oliveira;Smartphone Samsung Galaxy;Angela Hammer;feminino;boleto
2026-04-24 21:11:40.880377;1286;São Paulo;Ana Oliveira;Smartwatch Garmin;Valarie Chappell;feminino;boleto
2026-04-25 12:36:38.172215;1287;Porto Alegre;Roberto Ferreira;Smartwatch Garmin;Mario Ford;masculino;pix
2026-04-25 13:00:45.469113;1288;Belo Horizonte;Carlos Silva;Tablet Apple Ipad;Frederick Franco;masculino;pix
2026-04-25 15:26:38.491603;1289;São Paulo;Lucas Pereira;Smartwatch Garmin;Evan Ng;masculino;pix
2026-04-25 16:52:40.845033;1290;Porto Alegre;Roberto Ferreira;Tablet Apple Ipad;Toni Latch;feminino;dinheiro
2026-04-25 18:04:37.907052;1291;Porto Alegre;Mariana Gomes;Smartphone Samsung Galaxy;Zachary Slater;masculino;dinheiro
2026-04-25 19:22:39.935552;1292;Belo Horizonte;Fernanda Costa;Tablet Apple Ipad;Cynthia Chavira;feminino;boleto
2026-04-25 22:44:35.876959;1293;Porto Alegre;Roberto Ferreira;Tablet Apple Ipad;Keith Lobato;masculino;pix
2026-04-25 23:12:40.805298;1294;Florianópolis;Gabriela Santos;Smartphone Samsung Galaxy;Nina Rodriquez;feminino;pix
2026-04-26 14:50:40.869547;1295;Florianópolis;Gabriela Santos;Tablet Apple Ipad;Nina Jones;feminino;cartão de crédito
2026-04-26 16:38:39.010405;1296;Florianópolis;Tiago Lima;Notebook Dell Inspiron;Mark Ash;masculino;cartão de crédito
2026-04-26 19:46:40.018136;1297;São Paulo;Lucas Pereira;Fone de Ouvido Sony;Kerry Johnson;feminino;cartão de crédito
2026-04-26 19:47:35.746616;1298;Florianópolis;Tiago Lima;Tablet Apple Ipad;James Balke;masculino;dinheiro
2026-04-26 19:54:40.401447;1299;Belo Horizonte;Carlos Silva;Fone de Ouvido Sony;Jerry Chen;masculino;dinheiro
2026-04-26 21:56:35.899542;1300;Belo Horizonte;Carlos Silva;Fone de Ouvido Sony;Dennis Hamilton;masculino;pix
2026-04-27 15:47:43.474174;1301;Belo Horizonte;Fernanda Costa;Notebook Dell Inspiron;William Medina;masculino;cartão de crédito
2026-04-27 17:57:36.945848;1302;Rio de Janeiro;Pedro Souza;Smartphone Samsung Galaxy;Valencia Crosby;feminino;boleto
2026-04-27 18:40:35.899887;1303;Rio de Janeiro;Juliana Almeida;Notebook Dell Inspiron;Anna Marinelli;feminino;dinheiro
2026-04-27 18:56:44.693515;1304;Belo Horizonte;Carlos Silva;Notebook Dell Inspiron;Sophia Lepak;feminino;boleto
2026-04-27 21:04:37.301374;1305;São Paulo;Ana Oliveira;Fone de Ouvido Sony;Mike Castro;masculino;cartão de crédito
2026-04-27 21:39:38.852111;1306;Porto Alegre;Roberto Ferreira;Fone de Ouvido Sony;Roberta Hester;feminino;cartão de crédito
2026-04-28 13:41:37.242283;1307;Porto Alegre;Mariana Gomes;Fone de Ouvido Sony;Omer Hernandez;masculino;dinheiro
2026-04-28 14:08:38.077961;1308;São Paulo;Lucas Pereira;Tablet Apple Ipad;John Clarkson;masculino;dinheiro
2026-04-28 14:35:39.684230;1309;Belo Horizonte;Carlos Silva;Tablet Apple Ipad;Laura Mccleary;feminino;cartão de crédito
2026-04-28 16:35:36.204642;1310;Florianópolis;Tiago Lima;Smartwatch Garmin;Lori Pothoven;feminino;boleto
2026-04-28 17:29:37.621798;1311;Rio de Janeiro;Pedro Souza;Smartphone Samsung Galaxy;Nancy Vigil;feminino;pix
2026-04-28 18:22:37.507986;1312;São Paulo;Lucas Pereira;Smartphone Samsung Galaxy;Jeremy Shannon;masculino;cartão de crédito
2026-04-28 20:46:45.822947;1313;Rio de Janeiro;Juliana Almeida;Smartwatch Garmin;Marion Allen;feminino;pix
2026-04-28 21:26:43.513140;1314;Florianópolis;Gabriela Santos;Smartphone Samsung Galaxy;James Igbal;masculino;dinheiro
2026-04-28 22:26:38.895533;1315;Florianópolis;Gabriela Santos;Notebook Dell Inspiron;Roberta Valdes;feminino;boleto
2026-04-28 22:28:39.028887;1316;Rio de Janeiro;Juliana Almeida;Notebook Dell Inspiron;William Monson;masculino;cartão de crédito
2026-04-29 12:55:41.315834;1317;São Paulo;Ana Oliveira;Smartwatch Garmin;Daniel Higginson;masculino;cartão de crédito
2026-04-29 13:29:40.699789;1318;São Paulo;Ana Oliveira;Fone de Ouvido Sony;Tamika Traver;feminino;cartão de crédito
2026-04-29 14:26:45.794831;1319;Belo Horizonte;Fernanda Costa;Notebook Dell Inspiron;Kay Rish;feminino;dinheiro
2026-04-30 12:43:38.995765;1320;São Paulo;Lucas Pereira;Notebook Dell Inspiron;Robert Mcnulty;masculino;boleto
2026-04-30 14:04:40.230196;1321;Florianópolis;Tiago Lima;Smartwatch Garmin;Donna Stevens;feminino;boleto
2026-04-30 14:49:43.975655;1322;São Paulo;Lucas Pereira;Tablet Apple Ipad;Lisa Clemons;feminino;boleto
2026-04-30 15:56:37.175607;1323;Florianópolis;Tiago Lima;Fone de Ouvido Sony;Susan Oakes;feminino;cartão de crédito
2026-04-30 16:12:37.115981;1324;Florianópolis;Gabriela Santos;Smartwatch Garmin;Mary Lamb;feminino;pix
2026-04-30 17:20:41.970959;1325;Porto Alegre;Mariana Gomes;Fone de Ouvido Sony;Anna Gault;feminino;pix
2026-04-30 19:57:40.514600;1326;Porto Alegre;Roberto Ferreira;Smartphone Samsung Galaxy;Tony Jones;masculino;boleto
2026-04-30 21:08:42.595996;1327;São Paulo;Lucas Pereira;Tablet Apple Ipad;Paul Long;masculino;cartão de crédito
2026-04-30 22:25:37.622766;1328;São Paulo;Ana Oliveira;Tablet Apple Ipad;Lester Brown;masculino;cartão de crédito
2026-05-01 13:08:42.490752;1329;Belo Horizonte;Carlos Silva;Smartphone Samsung Galaxy;Caroline Parker;feminino;cartão de crédito
2026-05-01 13:10:41.524319;1330;Porto Alegre;Roberto Ferreira;Fone de Ouvido Sony;Janet Pearson;feminino;boleto
2026-05-01 13:56:40.079203;1331;Belo Horizonte;Carlos Silva;Notebook Dell Inspiron;Maryanne Mcelwee;feminino;pix
2026-05-01 14:30:40.357771;1332;Porto Alegre;Mariana Gomes;Notebook Dell Inspiron;Willie Williams;masculino;pix
2026-05-01 16:49:40.949796;1333;Porto Alegre;Mariana Gomes;Tablet Apple Ipad;Barbara Wages;feminino;cartão de crédito
2026-05-01 17:42:36.552383;1334;Rio de Janeiro;Pedro Souza;Tablet Apple Ipad;Gail Lebo;feminino;boleto
2026-05-01 20:27:36.316517;1335;São Paulo;Ana Oliveira;Smartwatch Garmin;Mary Harris;feminino;boleto
2026-05-01 23:10:38.948189;1336;Porto Alegre;Roberto Ferreira;Smartwatch Garmin;Lois Selestewa;feminino;boleto
2026-05-02 12:29:43.710332;1337;Porto Alegre;Mariana Gomes;Notebook Dell Inspiron;Kenneth Munoz;masculino;cartão de crédito
2026-05-02 12:52:36.742178;1338;Florianópolis;Tiago Lima;Smartwatch Garmin;Tina Vergari;feminino;boleto
2026-05-02 13:02:40.550902;1339;Florianópolis;Gabriela Santos;Smartwatch Garmin;Steven Waller;masculino;pix
2026-05-02 14:39:41.464593;1340;Florianópolis;Tiago Lima;Smartphone Samsung Galaxy;Rose Machen;feminino;pix
2026-05-02 15:54:43.560472;1341;Belo Horizonte;Carlos Silva;Fone de Ouvido Sony;Ernestina Handsaker;feminino;dinheiro
2026-05-02 16:26:38.457694;1342;São Paulo;Lucas Pereira;Fone de Ouvido Sony;Ruby Nastasi;feminino;cartão de crédito
2026-05-02 21:02:40.738195;1343;Florianópolis;Tiago Lima;Fone de Ouvido Sony;Scot Antczak;masculino;pix
2026-05-02 21:30:39.672384;1344;Belo Horizonte;Carlos Silva;Fone de Ouvido Sony;Margaret Ainsworth;feminino;boleto
2026-05-02 21:38:35.550831;1345;Porto Alegre;Mariana Gomes;Notebook Dell Inspiron;Rachael Scott;feminino;pix
2026-05-02 21:40:37.625179;1346;Florianópolis;Tiago Lima;Fone de Ouvido Sony;James Nork;masculino;dinheiro
2026-05-02 21:54:38.185491;1347;São Paulo;Lucas Pereira;Tablet Apple Ipad;Timothy Featherston;masculino;dinheiro
2026-05-03 12:30:45.792470;1348;Belo Horizonte;Fernanda Costa;Tablet Apple Ipad;Teresa Baer;feminino;dinheiro
2026-05-03 13:17:42.575772;1349;Florianópolis;Tiago Lima;Smartwatch Garmin;Mary Dearing;feminino;dinheiro
2026-05-03 14:16:36.083196;1350;São Paulo;Lucas Pereira;Tablet Apple Ipad;Louise Raderstorf;feminino;pix
2026-05-03 14:49:36.485197;1351;São Paulo;Ana Oliveira;Smartphone Samsung Galaxy;Jonathan Jackson;masculino;pix
2026-05-03 15:49:40.537273;1352;Rio de Janeiro;Pedro Souza;Tablet Apple Ipad;Karin Cordova;feminino;cartão de crédito
2026-05-03 18:12:41.645144;1353;São Paulo;Ana Oliveira;Smartwatch Garmin;William Smith;masculino;pix
2026-05-03 19:39:42.387852;1354;Rio de Janeiro;Pedro Souza;Smartphone Samsung Galaxy;James White;masculino;cartão de crédito
2026-05-03 20:48:42.590475;1355;Florianópolis;Gabriela Santos;Tablet Apple Ipad;Fannie Luce;feminino;cartão de crédito
2026-05-03 21:12:36.362034;1356;São Paulo;Ana Oliveira;Notebook Dell Inspiron;Sarah Newland;feminino;boleto
2026-05-03 23:13:38.293835;1357;Rio de Janeiro;Pedro Souza;Smartphone Samsung Galaxy;Michael Morgia;masculino;cartão de crédito
2026-05-04 12:59:41.304763;1358;Florianópolis;Tiago Lima;Smartwatch Garmin;Larry Jackson;masculino;dinheiro
2026-05-04 13:12:40.593853;1359;Rio de Janeiro;Juliana Almeida;Fone de Ouvido Sony;Jennifer Cullen;feminino;dinheiro
2026-05-04 13:13:42.491303;1360;São Paulo;Ana Oliveira;Tablet Apple Ipad;Stephen Dodge;masculino;dinheiro
2026-05-04 13:20:42.296330;1361;Rio de Janeiro;Juliana Almeida;Smartwatch Garmin;Fred Harden;masculino;boleto
2026-05-04 14:04:38.016252;1362;Florianópolis;Gabriela Santos;Tablet Apple Ipad;Melissa Stewart;feminino;pix
2026-05-04 14:16:44.276934;1363;Belo Horizonte;Carlos Silva;Smartwatch Garmin;Annemarie Page;feminino;boleto
2026-05-04 16:53:42.589923;1364;Florianópolis;Tiago Lima;Notebook Dell Inspiron;Robert Copeland;masculino;dinheiro
2026-05-04 20:27:38.351563;1365;Porto Alegre;Roberto Ferreira;Fone de Ouvido Sony;Mark Chen;masculino;cartão de crédito
2026-05-05 13:07:44.325478;1366;Porto Alegre;Mariana Gomes;Notebook Dell Inspiron;Kirsten Smith;feminino;pix
2026-05-05 13:29:36.945106;1367;Florianópolis;Tiago Lima;Fone de Ouvido Sony;Mercedes Charles;feminino;boleto
2026-05-05 13:58:38.473438;1368;Florianópolis;Gabriela Santos;Tablet Apple Ipad;Francis Ferguson;masculino;cartão de crédito
2026-05-05 15:35:35.445510;1369;São Paulo;Lucas Pereira;Tablet Apple Ipad;Steven Hatcher;feminino;boleto
2026-05-05 16:19:45.055162;1370;Belo Horizonte;Carlos Silva;Smartwatch Garmin;Andrew Smith;masculino;pix
2026-05-06 13:10:39.487446;1371;São Paulo;Ana Oliveira;Smartphone Samsung Galaxy;William Thompson;masculino;pix
2026-05-06 14:03:41.147266;1372;São Paulo;Lucas Pereira;Tablet Apple Ipad;Patrick Blanchard;masculino;cartão de crédito
2026-05-06 15:38:41.752018;1373;Porto Alegre;Roberto Ferreira;Smartwatch Garmin;Betty Miles;feminino;cartão de crédito
2026-05-06 15:56:40.762371;1374;Belo Horizonte;Carlos Silva;Fone de Ouvido Sony;Steven Burgess;masculino;pix
2026-05-06 16:46:39.296754;1375;Florianópolis;Gabriela Santos;Smartphone Samsung Galaxy;Elizabeth Bria;feminino;dinheiro
2026-05-06 16:51:41.916121;1376;Florianópolis;Gabriela Santos;Tablet Apple Ipad;Julianne Worker;feminino;pix
2026-05-06 17:02:38.252322;1377;Porto Alegre;Mariana Gomes;Fone de Ouvido Sony;Ashley Meir;feminino;dinheiro
2026-05-06 19:06:45.204971;1378;Florianópolis;Gabriela Santos;Tablet Apple Ipad;Robert Pina;masculino;cartão de crédito
2026-05-06 19:10:39.385407;1379;Belo Horizonte;Fernanda Costa;Smartphone Samsung Galaxy;Wilson Dial;masculino;cartão de crédito
2026-05-07 13:37:44.557852;1380;Florianópolis;Gabriela Santos;Smartphone Samsung Galaxy;Greta Huizenga;feminino;dinheiro
2026-05-07 17:12:37.301776;1381;Belo Horizonte;Carlos Silva;Tablet Apple Ipad;Edward Royal;masculino;dinheiro
2026-05-07 19:20:40.354848;1382;Belo Horizonte;Carlos Silva;Fone de Ouvido Sony;Ricky Davis;masculino;boleto
2026-05-07 20:21:36.773232;1383;Porto Alegre;Mariana Gomes;Fone de Ouvido Sony;Misty Madrid;feminino;dinheiro
2026-05-07 22:39:45.080233;1384;Rio de Janeiro;Pedro Souza;Notebook Dell Inspiron;Paul Pagani;masculino;pix
2026-05-08 13:24:43.710799;1385;Florianópolis;Gabriela Santos;Tablet Apple Ipad;Michael Cassidy;masculino;cartão de crédito
2026-05-08 13:44:42.786397;1386;Belo Horizonte;Carlos Silva;Tablet Apple Ipad;Annice Williams;feminino;pix
2026-05-08 14:49:42.861898;1387;Florianópolis;Gabriela Santos;Smartphone Samsung Galaxy;Nicole Maier;feminino;pix
2026-05-08 17:24:42.385840;1388;Porto Alegre;Mariana Gomes;Tablet Apple Ipad;Kathryn White;feminino;boleto
2026-05-08 17:43:36.486840;1389;Porto Alegre;Roberto Ferreira;Notebook Dell Inspiron;Paul Smith;masculino;pix
2026-05-08 17:57:38.329718;1390;Florianópolis;Tiago Lima;Fone de Ouvido Sony;William Hyldahl;masculino;pix
2026-05-08 20:00:40.367934;1391;Florianópolis;Gabriela Santos;Tablet Apple Ipad;Emily Johnson;feminino;pix
2026-05-08 20:42:44.235184;1392;Porto Alegre;Mariana Gomes;Smartwatch Garmin;Barbara Roark;feminino;cartão de crédito
2026-05-08 22:56:37.268511;1393;Porto Alegre;Roberto Ferreira;Smartwatch Garmin;Robert Levin;masculino;cartão de crédito
2026-05-09 19:11:35.838030;1394;Porto Alegre;Roberto Ferreira;Smartphone Samsung Galaxy;Sally Hester;feminino;cartão de crédito
2026-05-09 22:37:35.652489;1395;São Paulo;Lucas Pereira;Smartwatch Garmin;Nancy Howard;feminino;cartão de crédito
2026-05-10 13:31:38.472359;1396;Belo Horizonte;Fernanda Costa;Fone de Ouvido Sony;Philip Oakes;masculino;dinheiro
2026-05-10 13:32:41.838115;1397;Belo Horizonte;Fernanda Costa;Tablet Apple Ipad;Deborah Yepez;feminino;cartão de crédito
2026-05-10 17:21:37.193492;1398;Belo Horizonte;Carlos Silva;Fone de Ouvido Sony;Cheryl Prechtl;feminino;dinheiro
2026-05-10 17:22:38.245873;1399;Belo Horizonte;Fernanda Costa;Tablet Apple Ipad;Norman Breslin;masculino;dinheiro
2026-05-11 15:29:41.837547;1400;Rio de Janeiro;Juliana Almeida;Smartphone Samsung Galaxy;Heather Smith;feminino;dinheiro
2026-05-11 16:21:43.952112;1401;São Paulo;Ana Oliveira;Smartwatch Garmin;Jolene Mandeville;feminino;pix
2026-05-11 16:48:42.277593;1402;Porto Alegre;Roberto Ferreira;Fone de Ouvido Sony;Renee Player;feminino;boleto
2026-05-11 20:18:44.258222;1403;Porto Alegre;Mariana Gomes;Tablet Apple Ipad;Shirley Moore;feminino;dinheiro
2026-05-11 22:37:40.358071;1404;Belo Horizonte;Carlos Silva;Tablet Apple Ipad;Daniel Sargent;masculino;cartão de crédito
2026-05-11 22:41:40.305266;1405;Florianópolis;Gabriela Santos;Notebook Dell Inspiron;Stanley Galvan;masculino;dinheiro
2026-05-12 13:17:40.400319;1406;São Paulo;Ana Oliveira;Fone de Ouvido Sony;Dorothy Moreno;feminino;dinheiro
2026-05-12 13:46:38.360002;1407;Rio de Janeiro;Pedro Souza;Smartphone Samsung Galaxy;Scott Cho;masculino;dinheiro
2026-05-12 21:08:42.106683;1408;Porto Alegre;Roberto Ferreira;Fone de Ouvido Sony;Mark Lopez;masculino;boleto
2026-05-12 22:57:39.660823;1409;Porto Alegre;Mariana Gomes;Smartphone Samsung Galaxy;Paul Hopper;masculino;cartão de crédito
2026-05-12 23:09:39.961393;1410;Rio de Janeiro;Juliana Almeida;Smartwatch Garmin;Ella Reynolds;feminino;cartão de crédito
2026-05-13 13:11:41.720853;1411;Florianópolis;Tiago Lima;Smartphone Samsung Galaxy;John Person;masculino;dinheiro
2026-05-13 17:26:41.313937;1412;Porto Alegre;Roberto Ferreira;Smartwatch Garmin;Lolita Brown;feminino;dinheiro
2026-05-14 13:09:41.890998;1413;Belo Horizonte;Carlos Silva;Fone de Ouvido Sony;Chong Tran;feminino;cartão de crédito
2026-05-14 18:11:37.923862;1414;Belo Horizonte;Fernanda Costa;Notebook Dell Inspiron;Frederic Wilcher;masculino;dinheiro
2026-05-14 22:54:37.120746;1415;São Paulo;Lucas Pereira;Notebook Dell Inspiron;Jerri Fesperman;feminino;cartão de crédito
2026-05-15 12:29:39.601237;1416;Porto Alegre;Mariana Gomes;Smartphone Samsung Galaxy;Stephen Agan;masculino;dinheiro
2026-05-15 12:41:37.241046;1417;Belo Horizonte;Carlos Silva;Smartphone Samsung Galaxy;Richard Baker;masculino;cartão de crédito
2026-05-15 13:12:41.437886;1418;Belo Horizonte;Carlos Silva;Smartwatch Garmin;Minh Brown;masculino;cartão de crédito
2026-05-15 20:18:42.276099;1419;Belo Horizonte;Carlos Silva;Tablet Apple Ipad;Kenneth Foley;masculino;cartão de crédito
2026-05-15 21:57:40.514860;1420;São Paulo;Lucas Pereira;Smartwatch Garmin;Major Lee;masculino;cartão de crédito
2026-05-16 15:22:39.795606;1421;São Paulo;Ana Oliveira;Notebook Dell Inspiron;Yolande Inman;feminino;cartão de crédito
2026-05-16 16:05:37.811932;1422;São Paulo;Lucas Pereira;Smartwatch Garmin;Jennifer Watson;feminino;pix
2026-05-16 19:39:43.739392;1423;Porto Alegre;Mariana Gomes;Smartwatch Garmin;Cynthia Jansons;feminino;boleto
2026-05-16 21:14:39.020624;1424;Florianópolis;Tiago Lima;Smartphone Samsung Galaxy;Dorothy Mullinax;feminino;boleto
2026-05-17 15:08:41.652520;1425;São Paulo;Lucas Pereira;Smartphone Samsung Galaxy;Tyler Johnson;masculino;cartão de crédito
2026-05-17 20:12:44.233302;1426;Porto Alegre;Roberto Ferreira;Tablet Apple Ipad;Charles Albrecht;masculino;cartão de crédito
2026-05-17 21:05:37.839166;1427;Florianópolis;Tiago Lima;Tablet Apple Ipad;Robert Bogle;masculino;dinheiro
2026-05-18 12:28:37.119566;1428;Florianópolis;Tiago Lima;Fone de Ouvido Sony;Robert Patterson;masculino;cartão de crédito
2026-05-18 12:34:40.204138;1429;Rio de Janeiro;Juliana Almeida;Tablet Apple Ipad;Ryan Dukes;masculino;boleto
2026-05-18 14:46:44.211794;1430;Belo Horizonte;Fernanda Costa;Fone de Ouvido Sony;Melissa Cook;feminino;boleto
2026-05-18 15:33:37.758875;1431;Belo Horizonte;Fernanda Costa;Smartphone Samsung Galaxy;Christina Sanders;feminino;boleto
2026-05-18 16:08:36.074906;1432;Porto Alegre;Mariana Gomes;Smartwatch Garmin;Jammie Booth;feminino;pix
2026-05-18 17:23:38.512510;1433;Belo Horizonte;Fernanda Costa;Smartwatch Garmin;Anthony Lehtonen;masculino;dinheiro
2026-05-18 23:25:38.577241;1434;Florianópolis;Tiago Lima;Fone de Ouvido Sony;Tim Juarez;masculino;cartão de crédito
2026-05-19 14:34:43.019236;1435;Rio de Janeiro;Juliana Almeida;Smartphone Samsung Galaxy;Christy Pflieger;feminino;dinheiro
2026-05-19 15:10:42.208325;1436;Florianópolis;Gabriela Santos;Fone de Ouvido Sony;Maria Taylor;feminino;boleto
2026-05-19 22:56:39.582216;1437;Florianópolis;Gabriela Santos;Tablet Apple Ipad;Brian Williams;masculino;cartão de crédito
2026-05-20 14:09:36.485610;1438;Porto Alegre;Roberto Ferreira;Fone de Ouvido Sony;Mary Stewart;feminino;boleto
2026-05-20 14:33:42.283716;1439;Belo Horizonte;Carlos Silva;Smartwatch Garmin;Lilia Galloway;feminino;cartão de crédito
2026-05-20 15:52:42.498677;1440;Florianópolis;Tiago Lima;Notebook Dell Inspiron;Sebastian Wools;masculino;boleto
2026-05-20 17:48:36.177692;1441;São Paulo;Ana Oliveira;Fone de Ouvido Sony;Keith Fore;masculino;dinheiro
2026-05-20 18:31:42.388095;1442;Belo Horizonte;Fernanda Costa;Fone de Ouvido Sony;Arthur Heath;masculino;pix
2026-05-20 20:35:38.093948;1443;São Paulo;Lucas Pereira;Tablet Apple Ipad;Betty Hill;feminino;dinheiro
2026-05-20 23:18:35.660889;1444;Belo Horizonte;Carlos Silva;Smartphone Samsung Galaxy;Stephanie Costa;feminino;cartão de crédito
2026-05-21 14:02:45.861581;1445;Rio de Janeiro;Pedro Souza;Notebook Dell Inspiron;Carol Zepeda;feminino;dinheiro
2026-05-21 19:10:45.321556;1446;São Paulo;Lucas Pereira;Smartphone Samsung Galaxy;Richard Whitehead;masculino;dinheiro
2026-05-21 19:38:36.487760;1447;Florianópolis;Tiago Lima;Fone de Ouvido Sony;Betty Jackson;feminino;cartão de crédito
2026-05-22 13:43:40.430721;1448;Porto Alegre;Mariana Gomes;Smartwatch Garmin;Jeramy Korsmeyer;masculino;pix
2026-05-22 14:27:42.365017;1449;Florianópolis;Tiago Lima;Tablet Apple Ipad;Lynn Pryor;feminino;cartão de crédito
2026-05-22 17:05:44.254910;1450;Rio de Janeiro;Juliana Almeida;Fone de Ouvido Sony;Beverly Bradley;feminino;dinheiro
2026-05-22 20:09:37.236937;1451;Florianópolis;Tiago Lima;Notebook Dell Inspiron;May Dunford;feminino;cartão de crédito
2026-05-22 21:01:39.586624;1452;Florianópolis;Tiago Lima;Smartphone Samsung Galaxy;Clarence Railsback;masculino;dinheiro
2026-05-23 12:31:45.868791;1453;Rio de Janeiro;Juliana Almeida;Smartwatch Garmin;Christian Tompkins;masculino;boleto
2026-05-23 15:34:36.531934;1454;Porto Alegre;Roberto Ferreira;Tablet Apple Ipad;Heidi Licudine;feminino;dinheiro
2026-05-23 18:55:38.609925;1455;Florianópolis;Gabriela Santos;Smartwatch Garmin;Mary Lewis;feminino;cartão de crédito
2026-05-24 20:52:40.430450;1456;Belo Horizonte;Carlos Silva;Tablet Apple Ipad;Carolyn Ward;feminino;pix
2026-05-24 22:20:35.369144;1457;Rio de Janeiro;Pedro Souza;Notebook Dell Inspiron;Beverly Taylor;feminino;pix
2026-05-24 22:28:44.225945;1458;Belo Horizonte;Carlos Silva;Tablet Apple Ipad;Angel Prine;masculino;dinheiro
2026-05-25 13:15:36.181526;1459;Porto Alegre;Mariana Gomes;Smartwatch Garmin;Walter Orozco;masculino;dinheiro
2026-05-25 13:57:43.902084;1460;Belo Horizonte;Fernanda Costa;Smartwatch Garmin;Desiree Oconnell;feminino;dinheiro
2026-05-25 16:01:36.665087;1461;Florianópolis;Tiago Lima;Smartwatch Garmin;Raul Stone;masculino;boleto
2026-05-25 16:04:44.192045;1462;Florianópolis;Tiago Lima;Notebook Dell Inspiron;Clara Hayden;feminino;pix
2026-05-25 16:37:43.384146;1463;Belo Horizonte;Carlos Silva;Fone de Ouvido Sony;Albert Hallum;masculino;boleto
2026-05-25 18:16:42.133922;1464;Belo Horizonte;Carlos Silva;Smartphone Samsung Galaxy;Amanda Lay;feminino;cartão de crédito
2026-05-25 19:27:41.825567;1465;Porto Alegre;Mariana Gomes;Smartphone Samsung Galaxy;Lester Banks;masculino;dinheiro
2026-05-25 19:32:42.647344;1466;Belo Horizonte;Fernanda Costa;Tablet Apple Ipad;Kenneth Valasquez;masculino;pix
2026-05-25 22:06:38.169986;1467;Porto Alegre;Mariana Gomes;Notebook Dell Inspiron;Carolyn Eaves;feminino;cartão de crédito
2026-05-25 22:41:42.376040;1468;São Paulo;Ana Oliveira;Tablet Apple Ipad;Martin Geter;masculino;pix
2026-05-26 14:59:39.024467;1469;Florianópolis;Tiago Lima;Smartphone Samsung Galaxy;Joshua Hooker;masculino;pix
2026-05-26 15:17:39.575987;1470;São Paulo;Lucas Pereira;Smartphone Samsung Galaxy;Charles Prewitt;masculino;boleto
2026-05-26 20:04:39.701034;1471;São Paulo;Ana Oliveira;Tablet Apple Ipad;Martha Velazquez;feminino;boleto
2026-05-26 20:05:37.269843;1472;Belo Horizonte;Carlos Silva;Smartwatch Garmin;Ana Martin;feminino;dinheiro
2026-05-26 20:43:38.718651;1473;Rio de Janeiro;Juliana Almeida;Tablet Apple Ipad;George Mckinney;masculino;cartão de crédito
2026-05-26 21:48:39.026481;1474;São Paulo;Ana Oliveira;Tablet Apple Ipad;Darrell Parker;masculino;pix
2026-05-27 15:44:43.661453;1475;Porto Alegre;Mariana Gomes;Smartwatch Garmin;Timothy Jenson;masculino;pix
2026-05-27 15:46:39.225498;1476;Belo Horizonte;Fernanda Costa;Fone de Ouvido Sony;Charles Kincheloe;masculino;boleto
2026-05-27 19:40:39.884663;1477;Rio de Janeiro;Pedro Souza;Smartwatch Garmin;Virginia Bynum;feminino;pix
2026-05-27 20:46:36.359401;1478;Florianópolis;Tiago Lima;Notebook Dell Inspiron;Marcia Travis;feminino;cartão de crédito
2026-05-27 21:47:36.596204;1479;Belo Horizonte;Fernanda Costa;Tablet Apple Ipad;Scott Pellowski;masculino;cartão de crédito
2026-05-27 22:02:35.343705;1480;Florianópolis;Gabriela Santos;Smartphone Samsung Galaxy;Mary Jobe;feminino;dinheiro
2026-05-27 22:59:38.182155;1481;São Paulo;Lucas Pereira;Notebook Dell Inspiron;Thomas Fuqua;masculino;pix
2026-05-28 12:42:41.014289;1482;Belo Horizonte;Carlos Silva;Notebook Dell Inspiron;Mike Dettloff;masculino;dinheiro
2026-05-28 13:46:37.397066;1483;Porto Alegre;Mariana Gomes;Notebook Dell Inspiron;Donna Riley;feminino;boleto
2026-05-28 13:50:39.097080;1484;Rio de Janeiro;Pedro Souza;Notebook Dell Inspiron;Dorothy Stakkeland;feminino;boleto
2026-05-28 15:06:38.243727;1485;Florianópolis;Tiago Lima;Fone de Ouvido Sony;Gregory Mcknight;masculino;boleto
2026-05-28 18:04:38.016612;1486;Belo Horizonte;Fernanda Costa;Fone de Ouvido Sony;Helen Hines;feminino;cartão de crédito
2026-05-28 18:27:45.399678;1487;Rio de Janeiro;Juliana Almeida;Smartwatch Garmin;Suzanne Hodge;feminino;dinheiro
2026-05-28 23:04:40.958256;1488;Rio de Janeiro;Pedro Souza;Tablet Apple Ipad;Mary Aranda;feminino;cartão de crédito
2026-05-29 16:47:41.531841;1489;Belo Horizonte;Carlos Silva;Smartwatch Garmin;Mathew Arnold;masculino;pix
2026-05-29 17:39:39.548188;1490;Florianópolis;Gabriela Santos;Tablet Apple Ipad;Paul Gaughan;masculino;dinheiro
2026-05-29 21:31:41.076565;1491;Rio de Janeiro;Pedro Souza;Fone de Ouvido Sony;Marvin May;masculino;pix
2026-05-30 13:22:38.373288;1492;Porto Alegre;Roberto Ferreira;Smartwatch Garmin;Adam Roberson;masculino;cartão de crédito
2026-05-30 13:39:35.369931;1493;Rio de Janeiro;Pedro Souza;Smartphone Samsung Galaxy;Carl Gale;masculino;cartão de crédito
2026-05-30 16:39:38.890909;1494;Belo Horizonte;Carlos Silva;Tablet Apple Ipad;Dorothy Fabrizio;feminino;boleto
2026-05-30 18:47:42.083727;1495;Florianópolis;Gabriela Santos;Smartphone Samsung Galaxy;James Cross;masculino;boleto
2026-05-30 19:35:39.221076;1496;São Paulo;Lucas Pereira;Notebook Dell Inspiron;Karen Ling;feminino;dinheiro
2026-05-30 21:20:35.634248;1497;Porto Alegre;Roberto Ferreira;Fone de Ouvido Sony;Terry Daniel;masculino;pix
2026-05-30 22:37:43.069045;1498;Rio de Janeiro;Pedro Souza;Smartphone Samsung Galaxy;Dan Albert;masculino;cartão de crédito
2026-05-31 13:06:43.982072;1499;Rio de Janeiro;Pedro Souza;Fone de Ouvido Sony;Darlene Hyde;feminino;cartão de crédito
2026-05-31 15:40:39.992272;1500;Porto Alegre;Mariana Gomes;Smartphone Samsung Galaxy;Pamela Cortez;feminino;pix
2026-05-31 16:39:35.768191;1501;Florianópolis;Tiago Lima;Fone de Ouvido Sony;William Baskin;masculino;dinheiro
2026-05-31 18:38:35.369403;1502;Florianópolis;Gabriela Santos;Notebook Dell Inspiron;Bessie Rios;feminino;dinheiro
2026-05-31 19:06:39.460748;1503;Florianópolis;Tiago Lima;Smartwatch Garmin;Lee Parker;masculino;dinheiro
2026-05-31 19:22:40.231073;1504;Florianópolis;Gabriela Santos;Tablet Apple Ipad;Joseph Elder;masculino;cartão de crédito
2026-05-31 22:04:39.654312;1505;Rio de Janeiro;Juliana Almeida;Smartwatch Garmin;Craig Brundidge;masculino;dinheiro
2026-05-31 22:26:39.992834;1506;Rio de Janeiro;Pedro Souza;Tablet Apple Ipad;Lanita Logan;feminino;boleto
2026-05-31 22:47:45.278472;1507;Rio de Janeiro;Pedro Souza;Notebook Dell Inspiron;Darren Rameau;masculino;cartão de crédito
2026-06-01 15:28:40.549558;1508;Porto Alegre;Roberto Ferreira;Tablet Apple Ipad;Rudy Zimmerman;masculino;dinheiro
2026-06-01 17:15:40.962253;1509;São Paulo;Ana Oliveira;Tablet Apple Ipad;Socorro Olson;feminino;dinheiro
2026-06-01 17:35:40.560755;1510;São Paulo;Ana Oliveira;Tablet Apple Ipad;Roy Anderson;masculino;pix
2026-06-01 17:52:39.232947;1511;Rio de Janeiro;Juliana Almeida;Smartphone Samsung Galaxy;Elizabeth Benson;feminino;pix
2026-06-01 19:12:36.728693;1512;Rio de Janeiro;Juliana Almeida;Notebook Dell Inspiron;David Isaacson;masculino;dinheiro
2026-06-02 19:29:42.946582;1513;Florianópolis;Tiago Lima;Notebook Dell Inspiron;Henry Victorine;masculino;boleto
2026-06-02 20:36:36.493222;1514;Florianópolis;Tiago Lima;Smartphone Samsung Galaxy;Elias Davenport;masculino;dinheiro
2026-06-02 21:11:45.507863;1515;Rio de Janeiro;Pedro Souza;Notebook Dell Inspiron;Nathaniel Saddler;masculino;pix
2026-06-02 22:23:45.998596;1516;Belo Horizonte;Fernanda Costa;Notebook Dell Inspiron;Lawrence Burkett;masculino;pix
2026-06-03 12:26:37.571058;1517;São Paulo;Lucas Pereira;Smartphone Samsung Galaxy;Terri Brazelton;feminino;pix
2026-06-03 16:30:39.478131;1518;São Paulo;Ana Oliveira;Smartwatch Garmin;Mary Thomas;feminino;cartão de crédito
2026-06-03 17:45:41.652886;1519;São Paulo;Lucas Pereira;Tablet Apple Ipad;Delores Burell;feminino;pix
2026-06-03 18:55:41.777645;1520;Belo Horizonte;Carlos Silva;Notebook Dell Inspiron;Lance Lee;masculino;boleto
2026-06-03 21:15:40.036191;1521;Rio de Janeiro;Pedro Souza;Fone de Ouvido Sony;Margaret Green;feminino;pix
2026-06-04 13:11:37.033690;1522;São Paulo;Lucas Pereira;Smartphone Samsung Galaxy;Shawn Pothoven;masculino;dinheiro
2026-06-04 13:51:40.402056;1523;Rio de Janeiro;Pedro Souza;Fone de Ouvido Sony;Kara Rosen;feminino;cartão de crédito
2026-06-04 19:07:41.885005;1524;Belo Horizonte;Fernanda Costa;Smartwatch Garmin;Garland Willard;masculino;boleto
2026-06-04 22:56:44.787383;1525;Belo Horizonte;Fernanda Costa;Fone de Ouvido Sony;Richard Leeman;masculino;pix
2026-06-05 13:38:39.934240;1526;Florianópolis;Tiago Lima;Notebook Dell Inspiron;Geoffrey Ayers;masculino;boleto
2026-06-05 14:26:36.484082;1527;Porto Alegre;Roberto Ferreira;Smartphone Samsung Galaxy;Pauline Field;feminino;dinheiro
2026-06-05 15:08:45.359341;1528;Belo Horizonte;Fernanda Costa;Smartphone Samsung Galaxy;Cory Forgey;masculino;dinheiro
2026-06-05 18:54:43.628731;1529;Belo Horizonte;Carlos Silva;Notebook Dell Inspiron;Robert Wood;masculino;cartão de crédito
2026-06-05 19:08:43.640270;1530;Belo Horizonte;Carlos Silva;Smartwatch Garmin;Sherry Pulido;feminino;cartão de crédito
2026-06-05 20:27:36.723692;1531;São Paulo;Lucas Pereira;Smartwatch Garmin;Monica Reza;feminino;dinheiro
2026-06-05 21:36:44.811921;1532;Belo Horizonte;Fernanda Costa;Smartphone Samsung Galaxy;Jason Cortez;masculino;cartão de crédito
2026-06-06 12:47:45.821428;1533;Florianópolis;Tiago Lima;Tablet Apple Ipad;Isaac Miller;masculino;boleto
2026-06-06 13:27:37.577003;1534;São Paulo;Ana Oliveira;Smartphone Samsung Galaxy;Debra Fields;feminino;pix
2026-06-06 18:52:45.521942;1535;Belo Horizonte;Carlos Silva;Smartwatch Garmin;Estelle Bredesen;feminino;boleto
2026-06-06 22:27:44.532623;1536;Porto Alegre;Roberto Ferreira;Fone de Ouvido Sony;Eddie Chagoya;masculino;cartão de crédito
2026-06-06 23:12:40.306273;1537;São Paulo;Lucas Pereira;Tablet Apple Ipad;Brandi Faupel;feminino;boleto
2026-06-07 14:11:36.559428;1538;Rio de Janeiro;Pedro Souza;Smartwatch Garmin;Andrea Matthews;feminino;cartão de crédito
2026-06-07 14:40:39.159772;1539;Florianópolis;Gabriela Santos;Fone de Ouvido Sony;Reva Rummler;feminino;pix
2026-06-07 16:57:45.162401;1540;Florianópolis;Tiago Lima;Smartwatch Garmin;Mary Hambrick;feminino;pix
2026-06-08 13:12:44.087187;1541;Belo Horizonte;Fernanda Costa;Notebook Dell Inspiron;Gloria Goldberger;feminino;cartão de crédito
2026-06-08 15:15:39.211013;1542;Porto Alegre;Roberto Ferreira;Tablet Apple Ipad;Kim Walsh;feminino;dinheiro
2026-06-08 17:24:36.164112;1543;Belo Horizonte;Fernanda Costa;Tablet Apple Ipad;Johnnie Wheatley;feminino;dinheiro
2026-06-08 17:37:37.975948;1544;Porto Alegre;Mariana Gomes;Smartwatch Garmin;Lillian Howard;feminino;dinheiro
2026-06-08 17:50:41.311749;1545;Florianópolis;Tiago Lima;Notebook Dell Inspiron;Jess Couch;masculino;pix
2026-06-08 21:17:39.750438;1546;Rio de Janeiro;Juliana Almeida;Notebook Dell Inspiron;Caren Riordan;feminino;cartão de crédito
2026-06-08 23:11:38.244409;1547;São Paulo;Lucas Pereira;Smartwatch Garmin;Amanda Leyva;feminino;cartão de crédito
2026-06-08 23:18:40.560295;1548;Rio de Janeiro;Pedro Souza;Smartphone Samsung Galaxy;Malcolm Richardson;masculino;boleto
2026-06-09 17:26:38.775093;1549;Belo Horizonte;Fernanda Costa;Tablet Apple Ipad;Danielle Sherman;feminino;pix
2026-06-09 22:24:37.216500;1550;Rio de Janeiro;Pedro Souza;Notebook Dell Inspiron;Olive Klimczyk;feminino;boleto
2026-06-09 22:38:36.296885;1551;São Paulo;Ana Oliveira;Smartphone Samsung Galaxy;Curt Schutz;masculino;pix
2026-06-09 22:49:35.830224;1552;Florianópolis;Gabriela Santos;Tablet Apple Ipad;Sharon Morales;feminino;pix
2026-06-10 13:18:45.868491;1553;Belo Horizonte;Carlos Silva;Smartphone Samsung Galaxy;Joseph Robinson;masculino;boleto
2026-06-10 14:22:39.158706;1554;Porto Alegre;Roberto Ferreira;Notebook Dell Inspiron;Herbert Shields;masculino;dinheiro
2026-06-10 15:01:45.502363;1555;Porto Alegre;Mariana Gomes;Tablet Apple Ipad;Lance Jackson;masculino;pix
2026-06-10 15:43:38.506903;1556;Florianópolis;Gabriela Santos;Smartwatch Garmin;Jane Quigley;feminino;boleto
2026-06-10 15:50:36.492979;1557;São Paulo;Lucas Pereira;Smartphone Samsung Galaxy;Gloria Foster;feminino;boleto
2026-06-10 16:02:36.486213;1558;São Paulo;Lucas Pereira;Notebook Dell Inspiron;Leslie Dunlap;feminino;dinheiro
2026-06-10 17:36:42.753537;1559;Porto Alegre;Mariana Gomes;Smartwatch Garmin;Richard Sneed;masculino;dinheiro
2026-06-10 17:37:39.467039;1560;São Paulo;Lucas Pereira;Smartphone Samsung Galaxy;Rochelle Zak;feminino;boleto
2026-06-10 21:21:35.736412;1561;Porto Alegre;Mariana Gomes;Fone de Ouvido Sony;Brenda Mitchell;feminino;cartão de crédito
2026-06-11 19:16:37.119805;1562;São Paulo;Ana Oliveira;Tablet Apple Ipad;Andrea King;feminino;cartão de crédito
2026-06-12 15:22:39.534264;1563;Porto Alegre;Roberto Ferreira;Notebook Dell Inspiron;Lillie Nixon;feminino;pix
2026-06-12 16:55:45.396242;1564;Rio de Janeiro;Juliana Almeida;Smartphone Samsung Galaxy;Kathleen Plante;feminino;pix
2026-06-12 19:51:42.387230;1565;Rio de Janeiro;Juliana Almeida;Smartwatch Garmin;Georgia Phelps;feminino;pix
2026-06-13 12:50:37.647483;1566;Florianópolis;Tiago Lima;Notebook Dell Inspiron;Patrick Erling;masculino;boleto
2026-06-13 13:48:44.482022;1567;Florianópolis;Gabriela Santos;Smartphone Samsung Galaxy;Evelyn Sacks;feminino;pix
2026-06-13 19:17:45.021542;1568;Porto Alegre;Mariana Gomes;Smartwatch Garmin;Joseph Malinsky;masculino;pix
2026-06-13 20:17:41.635971;1569;Porto Alegre;Mariana Gomes;Smartphone Samsung Galaxy;Joann Loveless;feminino;dinheiro
2026-06-13 21:04:38.455988;1570;São Paulo;Ana Oliveira;Notebook Dell Inspiron;Gladys Bowser;feminino;dinheiro
2026-06-14 13:15:39.673972;1571;Belo Horizonte;Fernanda Costa;Notebook Dell Inspiron;Carol Cruz;feminino;dinheiro
2026-06-14 13:27:43.399719;1572;Rio de Janeiro;Juliana Almeida;Notebook Dell Inspiron;April Tureson;feminino;boleto
2026-06-14 14:06:43.784596;1573;Florianópolis;Tiago Lima;Fone de Ouvido Sony;Rosa Anderson;feminino;boleto
2026-06-14 18:27:39.321321;1574;São Paulo;Ana Oliveira;Fone de Ouvido Sony;Simone Jones;feminino;boleto
2026-06-14 19:18:35.440993;1575;Florianópolis;Gabriela Santos;Tablet Apple Ipad;Dustin Gragg;masculino;cartão de crédito
2026-06-14 20:54:35.872836;1576;Porto Alegre;Mariana Gomes;Smartphone Samsung Galaxy;Julianne Griffin;feminino;boleto
2026-06-15 12:49:45.020926;1577;Porto Alegre;Mariana Gomes;Fone de Ouvido Sony;Robert Hayes;masculino;pix
2026-06-15 15:08:36.731441;1578;Belo Horizonte;Carlos Silva;Smartphone Samsung Galaxy;Iris Holmes;feminino;boleto
2026-06-15 17:31:37.475695;1579;Rio de Janeiro;Pedro Souza;Notebook Dell Inspiron;Lynn Jones;feminino;dinheiro
2026-06-15 19:24:44.193035;1580;Florianópolis;Gabriela Santos;Tablet Apple Ipad;Dorothy Godbolt;feminino;pix
2026-06-15 21:43:44.176390;1581;Florianópolis;Tiago Lima;Tablet Apple Ipad;Melissa Kerby;feminino;dinheiro
2026-06-15 22:59:35.656057;1582;Porto Alegre;Roberto Ferreira;Notebook Dell Inspiron;Christine Oconnell;feminino;cartão de crédito
2026-06-16 13:56:38.102818;1583;São Paulo;Ana Oliveira;Notebook Dell Inspiron;Gordon Crites;masculino;pix
2026-06-16 17:32:38.981887;1584;São Paulo;Ana Oliveira;Smartwatch Garmin;Wayne Porter;masculino;pix
2026-06-16 18:56:40.560979;1585;Rio de Janeiro;Juliana Almeida;Smartwatch Garmin;Shaun Brandon;masculino;cartão de crédito
2026-06-17 14:02:41.834227;1586;Rio de Janeiro;Juliana Almeida;Notebook Dell Inspiron;Mark West;masculino;boleto
2026-06-17 16:30:36.409909;1587;Rio de Janeiro;Juliana Almeida;Fone de Ouvido Sony;George Bradford;masculino;dinheiro
2026-06-17 19:21:45.860620;1588;São Paulo;Lucas Pereira;Tablet Apple Ipad;Donna Horne;feminino;dinheiro
2026-06-17 23:00:38.072584;1589;Rio de Janeiro;Juliana Almeida;Tablet Apple Ipad;Stephen Murphree;masculino;dinheiro
2026-06-18 19:46:45.074934;1590;Rio de Janeiro;Pedro Souza;Smartphone Samsung Galaxy;Tina Houck;feminino;cartão de crédito
2026-06-18 21:26:39.350275;1591;Belo Horizonte;Carlos Silva;Notebook Dell Inspiron;Glady Johnson;feminino;boleto
2026-06-18 22:29:38.710676;1592;Florianópolis;Tiago Lima;Tablet Apple Ipad;Rosa Prine;feminino;boleto
2026-06-19 14:11:44.046542;1593;Belo Horizonte;Carlos Silva;Notebook Dell Inspiron;Edward Brewer;masculino;pix
2026-06-19 20:54:45.176822;1594;Florianópolis;Tiago Lima;Fone de Ouvido Sony;Albert Bohringer;masculino;pix
2026-06-19 21:54:43.820227;1595;Belo Horizonte;Fernanda Costa;Fone de Ouvido Sony;Sarah Thomas;feminino;pix
2026-06-20 13:01:36.165638;1596;Porto Alegre;Mariana Gomes;Fone de Ouvido Sony;Roxane Barton;feminino;cartão de crédito
2026-06-20 14:50:42.640113;1597;Porto Alegre;Mariana Gomes;Notebook Dell Inspiron;Richard Case;masculino;pix
2026-06-20 20:35:43.055295;1598;Belo Horizonte;Carlos Silva;Notebook Dell Inspiron;Daniel Brantley;masculino;cartão de crédito
2026-06-21 13:48:38.377616;1599;Belo Horizonte;Carlos Silva;Fone de Ouvido Sony;Mary Crawford;feminino;dinheiro
2026-06-21 17:47:40.096448;1600;Belo Horizonte;Fernanda Costa;Smartwatch Garmin;Marilyn Shilkuski;feminino;pix
2026-06-21 20:00:39.749986;1601;Rio de Janeiro;Juliana Almeida;Fone de Ouvido Sony;Maureen Ward;feminino;cartão de crédito
2026-06-21 22:56:35.277625;1602;Rio de Janeiro;Pedro Souza;Smartphone Samsung Galaxy;John Whaley;masculino;cartão de crédito
2026-06-22 13:47:46.018876;1603;Rio de Janeiro;Pedro Souza;Smartphone Samsung Galaxy;James Pierce;masculino;pix
2026-06-22 14:53:37.472728;1604;São Paulo;Lucas Pereira;Smartphone Samsung Galaxy;Luke Damon;masculino;cartão de crédito
2026-06-22 20:07:37.663705;1605;Rio de Janeiro;Pedro Souza;Smartwatch Garmin;Margo Gallegos;feminino;dinheiro
2026-06-22 21:24:41.428778;1606;Belo Horizonte;Fernanda Costa;Smartwatch Garmin;Clinton Tiano;masculino;boleto
2026-06-22 22:38:44.150828;1607;Rio de Janeiro;Pedro Souza;Smartwatch Garmin;Ruth Alston;feminino;pix
2026-06-23 14:07:36.719148;1608;São Paulo;Lucas Pereira;Tablet Apple Ipad;Paul Perkins;masculino;pix
2026-06-23 14:15:39.487142;1609;Florianópolis;Gabriela Santos;Fone de Ouvido Sony;Juan Nelson;masculino;boleto
2026-06-23 14:32:37.422551;1610;Belo Horizonte;Fernanda Costa;Tablet Apple Ipad;Carlos Hsieh;masculino;cartão de crédito
2026-06-23 14:38:39.213192;1611;São Paulo;Ana Oliveira;Smartwatch Garmin;Issac Luoma;masculino;boleto
2026-06-23 14:44:39.032848;1612;Belo Horizonte;Carlos Silva;Smartwatch Garmin;Steven Vaness;masculino;pix
2026-06-23 20:50:43.618870;1613;Florianópolis;Tiago Lima;Fone de Ouvido Sony;Johnathan Brady;masculino;dinheiro
2026-06-24 15:03:40.622921;1614;Rio de Janeiro;Juliana Almeida;Smartwatch Garmin;Patricia Bodey;feminino;boleto
2026-06-24 15:29:46.001203;1615;Belo Horizonte;Fernanda Costa;Tablet Apple Ipad;Lisa Wease;feminino;boleto
2026-06-24 21:48:40.400660;1616;Rio de Janeiro;Juliana Almeida;Fone de Ouvido Sony;Carol Moser;feminino;dinheiro
2026-06-24 22:25:39.473519;1617;Belo Horizonte;Carlos Silva;Fone de Ouvido Sony;Nellie Sterling;feminino;dinheiro
2026-06-25 12:53:40.825238;1618;Porto Alegre;Mariana Gomes;Fone de Ouvido Sony;Christopher Ingram;masculino;dinheiro
2026-06-25 13:07:41.296854;1619;Florianópolis;Gabriela Santos;Tablet Apple Ipad;Faye Severson;feminino;cartão de crédito
2026-06-25 16:11:38.239251;1620;Rio de Janeiro;Pedro Souza;Fone de Ouvido Sony;Jesus Baker;masculino;cartão de crédito
2026-06-25 18:22:45.861223;1621;São Paulo;Ana Oliveira;Notebook Dell Inspiron;Carolyn Larson;feminino;pix
2026-06-25 20:16:36.188814;1622;São Paulo;Ana Oliveira;Notebook Dell Inspiron;Karen Rowe;feminino;boleto
2026-06-25 20:49:39.471463;1623;Porto Alegre;Roberto Ferreira;Smartwatch Garmin;Doug Parsons;masculino;dinheiro
2026-06-25 20:49:39.526610;1624;Belo Horizonte;Carlos Silva;Fone de Ouvido Sony;Irene Caldwell;feminino;dinheiro
2026-06-25 22:06:37.209680;1625;São Paulo;Ana Oliveira;Tablet Apple Ipad;Nancy Rowe;feminino;boleto
2026-06-25 23:02:40.734112;1626;São Paulo;Lucas Pereira;Smartphone Samsung Galaxy;Lucia Freeman;feminino;dinheiro
2026-06-25 23:21:40.165243;1627;Rio de Janeiro;Juliana Almeida;Smartwatch Garmin;Barbara Rathbum;feminino;pix
2026-06-26 16:13:37.477287;1628;Rio de Janeiro;Pedro Souza;Fone de Ouvido Sony;Barry Beaudry;masculino;boleto
2026-06-26 17:49:36.758562;1629;Rio de Janeiro;Pedro Souza;Smartphone Samsung Galaxy;Jacqueline Thompson;feminino;cartão de crédito
2026-06-27 14:07:45.339965;1630;Rio de Janeiro;Juliana Almeida;Smartphone Samsung Galaxy;Ilse Kaplan;feminino;pix
2026-06-27 16:27:38.997796;1631;Belo Horizonte;Carlos Silva;Smartphone Samsung Galaxy;Willie Yin;masculino;cartão de crédito
2026-06-27 17:28:35.916824;1632;Porto Alegre;Mariana Gomes;Smartwatch Garmin;Eugene Wyatt;masculino;boleto
2026-06-27 20:35:39.767381;1633;Florianópolis;Tiago Lima;Fone de Ouvido Sony;Bailey Harper;feminino;boleto
2026-06-27 23:04:37.082005;1634;Rio de Janeiro;Pedro Souza;Tablet Apple Ipad;Scott Buck;masculino;boleto
2026-06-27 23:12:39.320680;1635;Belo Horizonte;Carlos Silva;Tablet Apple Ipad;Clyde Cannon;masculino;boleto
2026-06-28 13:15:40.366702;1636;Rio de Janeiro;Pedro Souza;Fone de Ouvido Sony;Delfina Bell;feminino;boleto
2026-06-28 17:23:39.824287;1637;Rio de Janeiro;Juliana Almeida;Fone de Ouvido Sony;Vanessa Mackinder;feminino;dinheiro
2026-06-28 17:25:43.348008;1638;Belo Horizonte;Fernanda Costa;Fone de Ouvido Sony;Tammy Bechtol;feminino;dinheiro
2026-06-29 13:02:40.093488;1639;Rio de Janeiro;Pedro Souza;Smartphone Samsung Galaxy;Max Mackey;masculino;cartão de crédito
2026-06-29 15:12:41.218422;1640;Belo Horizonte;Carlos Silva;Notebook Dell Inspiron;Robert Speight;masculino;cartão de crédito
2026-06-29 16:16:40.228919;1641;Florianópolis;Gabriela Santos;Notebook Dell Inspiron;Joan Epperson;feminino;boleto
2026-06-29 16:21:38.327676;1642;Rio de Janeiro;Pedro Souza;Smartphone Samsung Galaxy;Jennifer Mcdonald;feminino;pix
2026-06-29 20:13:38.359652;1643;Rio de Janeiro;Pedro Souza;Smartwatch Garmin;Phillip Young;masculino;boleto
2026-06-30 13:02:45.344163;1644;Belo Horizonte;Carlos Silva;Notebook Dell Inspiron;John Rodriguez;masculino;dinheiro
2026-06-30 14:36:42.771120;1645;Porto Alegre;Roberto Ferreira;Smartwatch Garmin;Margaret Roseman;feminino;pix
2026-06-30 16:15:37.138808;1646;Belo Horizonte;Fernanda Costa;Notebook Dell Inspiron;Linda Thomas;feminino;boleto
2026-06-30 18:48:40.201220;1647;Belo Horizonte;Carlos Silva;Smartphone Samsung Galaxy;Stephanie Pfaff;feminino;cartão de crédito
2026-06-30 19:41:39.768777;1648;Florianópolis;Tiago Lima;Tablet Apple Ipad;Carmen Kehoe;feminino;pix
2026-06-30 21:44:40.427975;1649;São Paulo;Lucas Pereira;Smartphone Samsung Galaxy;Robin Turman;feminino;boleto
2026-06-30 23:18:41.500012;1650;Rio de Janeiro;Pedro Souza;Smartphone Samsung Galaxy;Dorothy Deruyter;feminino;pix
2026-07-01 16:31:44.324529;1651;Rio de Janeiro;Juliana Almeida;Tablet Apple Ipad;Eunice Jones;feminino;dinheiro
2026-07-01 17:03:36.817057;1652;Porto Alegre;Mariana Gomes;Smartphone Samsung Galaxy;Susan Leddy;feminino;dinheiro
2026-07-01 17:34:36.202501;1653;Belo Horizonte;Fernanda Costa;Tablet Apple Ipad;Michael Green;masculino;pix
2026-07-02 14:22:45.820370;1654;Porto Alegre;Roberto Ferreira;Smartwatch Garmin;Sophia Horton;feminino;boleto
2026-07-02 16:02:39.487650;1655;Rio de Janeiro;Pedro Souza;Smartphone Samsung Galaxy;Richard Gollier;masculino;pix
2026-07-02 16:39:36.860496;1656;Belo Horizonte;Carlos Silva;Tablet Apple Ipad;Judith Clancy;feminino;cartão de crédito
2026-07-02 19:07:40.227143;1657;Belo Horizonte;Fernanda Costa;Smartphone Samsung Galaxy;Casey Coleman;feminino;boleto
2026-07-03 12:45:41.722301;1658;Belo Horizonte;Fernanda Costa;Fone de Ouvido Sony;Shirley Krock;feminino;cartão de crédito
2026-07-03 17:07:38.776062;1659;Belo Horizonte;Fernanda Costa;Tablet Apple Ipad;Barry Leslie;masculino;cartão de crédito
2026-07-03 21:21:45.355218;1660;Porto Alegre;Mariana Gomes;Smartwatch Garmin;Larry Rogers;masculino;dinheiro
2026-07-03 22:19:38.508894;1661;São Paulo;Lucas Pereira;Smartphone Samsung Galaxy;Alma Howell;feminino;cartão de crédito
2026-07-04 13:01:39.934013;1662;Porto Alegre;Mariana Gomes;Smartphone Samsung Galaxy;Judy Harris;feminino;pix
2026-07-04 16:17:43.278725;1663;Porto Alegre;Roberto Ferreira;Tablet Apple Ipad;Walter Roach;masculino;dinheiro
2026-07-04 17:08:46.019273;1664;Belo Horizonte;Fernanda Costa;Notebook Dell Inspiron;Harland Mcfadden;masculino;dinheiro
2026-07-04 18:33:41.217586;1665;Florianópolis;Gabriela Santos;Fone de Ouvido Sony;John Woods;masculino;dinheiro
2026-07-04 23:12:42.748636;1666;São Paulo;Ana Oliveira;Fone de Ouvido Sony;Andy Hollowell;masculino;cartão de crédito
2026-07-05 13:58:43.509139;1667;Florianópolis;Gabriela Santos;Smartphone Samsung Galaxy;Mattie Gooch;feminino;dinheiro
2026-07-05 14:25:40.304137;1668;Porto Alegre;Mariana Gomes;Fone de Ouvido Sony;Robert Schwartz;masculino;dinheiro
2026-07-05 14:37:39.533054;1669;São Paulo;Ana Oliveira;Smartwatch Garmin;Katrina Jones;feminino;boleto
2026-07-05 15:45:36.912390;1670;São Paulo;Lucas Pereira;Notebook Dell Inspiron;Roosevelt Irvine;masculino;dinheiro
2026-07-05 17:26:44.048233;1671;Belo Horizonte;Fernanda Costa;Notebook Dell Inspiron;Ruth Hernandez;feminino;pix
2026-07-06 15:26:45.376806;1672;Belo Horizonte;Carlos Silva;Smartwatch Garmin;Kathryn Doney;feminino;boleto
2026-07-06 17:36:38.329478;1673;Porto Alegre;Roberto Ferreira;Smartphone Samsung Galaxy;Thomas Ward;masculino;boleto
2026-07-06 20:31:35.653427;1674;Belo Horizonte;Fernanda Costa;Notebook Dell Inspiron;Jeanene Lewis;feminino;pix
2026-07-06 20:34:45.679880;1675;Rio de Janeiro;Juliana Almeida;Fone de Ouvido Sony;Kevin Grosbier;masculino;dinheiro
2026-07-07 13:06:37.429347;1676;Florianópolis;Gabriela Santos;Tablet Apple Ipad;Jose Potts;masculino;pix
2026-07-07 17:55:45.111620;1677;Porto Alegre;Mariana Gomes;Tablet Apple Ipad;Phyllis Pereira;feminino;cartão de crédito
2026-07-07 20:38:36.774555;1678;Porto Alegre;Roberto Ferreira;Notebook Dell Inspiron;Barbara Part;feminino;pix
2026-07-07 20:42:38.496956;1679;São Paulo;Ana Oliveira;Smartphone Samsung Galaxy;Georgia Edwards;feminino;dinheiro
2026-07-07 21:07:35.913337;1680;São Paulo;Lucas Pereira;Notebook Dell Inspiron;Mario Borg;masculino;dinheiro
2026-07-08 13:10:43.960649;1681;Florianópolis;Tiago Lima;Fone de Ouvido Sony;Thelma Castille;feminino;dinheiro
2026-07-08 13:42:39.994216;1682;Rio de Janeiro;Juliana Almeida;Smartphone Samsung Galaxy;Mary Wilson;feminino;cartão de crédito
2026-07-08 14:30:38.705106;1683;Belo Horizonte;Fernanda Costa;Fone de Ouvido Sony;Ralph Scheffler;masculino;pix
2026-07-08 15:09:45.803102;1684;Rio de Janeiro;Juliana Almeida;Fone de Ouvido Sony;Marie Hall;feminino;cartão de crédito
2026-07-08 18:45:40.870420;1685;Florianópolis;Tiago Lima;Smartwatch Garmin;Wayne Condrey;masculino;pix
2026-07-08 18:46:37.232940;1686;Florianópolis;Gabriela Santos;Smartphone Samsung Galaxy;Marisol Guzman;feminino;dinheiro
2026-07-08 19:42:42.386162;1687;Rio de Janeiro;Pedro Souza;Fone de Ouvido Sony;Doris Collins;feminino;dinheiro
2026-07-08 20:57:42.983017;1688;São Paulo;Ana Oliveira;Smartphone Samsung Galaxy;Mark Walker;masculino;dinheiro
2026-07-08 22:49:42.393105;1689;Porto Alegre;Mariana Gomes;Notebook Dell Inspiron;Lucy Lopez;feminino;boleto
2026-07-09 12:51:46.017055;1690;Porto Alegre;Roberto Ferreira;Notebook Dell Inspiron;Camille Padilla;feminino;cartão de crédito
2026-07-09 14:17:40.347099;1691;Rio de Janeiro;Pedro Souza;Fone de Ouvido Sony;Shirley Tsosie;feminino;dinheiro
2026-07-09 17:54:44.628467;1692;Belo Horizonte;Fernanda Costa;Tablet Apple Ipad;Robert Rose;masculino;dinheiro
2026-07-09 18:06:35.654976;1693;Belo Horizonte;Fernanda Costa;Tablet Apple Ipad;Edwina Mckay;feminino;pix
2026-07-09 22:28:42.042806;1694;Florianópolis;Gabriela Santos;Fone de Ouvido Sony;Thomas Richards;masculino;boleto
2026-07-10 20:42:37.113493;1695;Porto Alegre;Mariana Gomes;Notebook Dell Inspiron;Maria Small;feminino;cartão de crédito
2026-07-10 22:40:37.906668;1696;São Paulo;Lucas Pereira;Notebook Dell Inspiron;Arthur Hughes;masculino;dinheiro
2026-07-10 22:48:40.371459;1697;Belo Horizonte;Carlos Silva;Tablet Apple Ipad;John Mulhall;masculino;dinheiro
2026-07-10 23:12:42.583895;1698;Florianópolis;Tiago Lima;Notebook Dell Inspiron;Brian Wilson;masculino;cartão de crédito
2026-07-11 13:21:36.145698;1699;Rio de Janeiro;Juliana Almeida;Tablet Apple Ipad;Gilberto Burks;masculino;cartão de crédito
2026-07-11 14:18:36.017593;1700;Belo Horizonte;Carlos Silva;Fone de Ouvido Sony;John Carothers;masculino;pix
2026-07-11 15:18:39.056219;1701;Florianópolis;Gabriela Santos;Smartphone Samsung Galaxy;Michael Wilson;masculino;pix
2026-07-11 17:15:36.595582;1702;Porto Alegre;Roberto Ferreira;Notebook Dell Inspiron;Antony Payne;masculino;boleto
2026-07-11 20:05:39.815264;1703;Belo Horizonte;Fernanda Costa;Smartphone Samsung Galaxy;James Lim;masculino;boleto
2026-07-11 20:33:37.716154;1704;Porto Alegre;Roberto Ferreira;Tablet Apple Ipad;Maria Mcthay;feminino;cartão de crédito
2026-07-11 21:19:38.108162;1705;Florianópolis;Gabriela Santos;Fone de Ouvido Sony;Derrick Johnson;masculino;pix
2026-07-11 22:14:45.846655;1706;São Paulo;Ana Oliveira;Smartphone Samsung Galaxy;Nathan Goebel;masculino;dinheiro
2026-07-11 22:16:38.067627;1707;Porto Alegre;Mariana Gomes;Smartphone Samsung Galaxy;Patricia Bonham;feminino;boleto
2026-07-11 22:57:36.020557;1708;Rio de Janeiro;Pedro Souza;Notebook Dell Inspiron;Patty Nielsen;feminino;boleto
2026-07-12 16:37:39.438146;1709;São Paulo;Lucas Pereira;Tablet Apple Ipad;Cathi Gates;feminino;boleto
2026-07-12 17:22:39.887919;1710;Belo Horizonte;Carlos Silva;Smartwatch Garmin;Howard Devers;masculino;pix
2026-07-12 22:18:36.947070;1711;Rio de Janeiro;Pedro Souza;Tablet Apple Ipad;Ernest Scherman;masculino;dinheiro
2026-07-12 23:18:42.283384;1712;Rio de Janeiro;Pedro Souza;Tablet Apple Ipad;Angela Lewis;feminino;dinheiro
2026-07-13 13:16:44.148276;1713;Florianópolis;Tiago Lima;Fone de Ouvido Sony;Roberta Bell;feminino;dinheiro
2026-07-13 14:57:38.093697;1714;Rio de Janeiro;Pedro Souza;Tablet Apple Ipad;Marie Morgan;feminino;dinheiro
2026-07-13 15:04:39.761317;1715;Belo Horizonte;Carlos Silva;Smartphone Samsung Galaxy;Adam Neilson;masculino;boleto
2026-07-13 15:06:36.723486;1716;São Paulo;Lucas Pereira;Tablet Apple Ipad;Samuel Miller;masculino;pix
2026-07-13 15:32:39.808498;1717;Porto Alegre;Roberto Ferreira;Smartwatch Garmin;Janice Hargett;feminino;boleto
2026-07-13 17:02:35.609083;1718;São Paulo;Lucas Pereira;Fone de Ouvido Sony;Manuela Farris;feminino;dinheiro
2026-07-13 18:18:42.192122;1719;Porto Alegre;Roberto Ferreira;Tablet Apple Ipad;Lori Cefalu;feminino;boleto
2026-07-13 18:38:35.839345;1720;Belo Horizonte;Fernanda Costa;Smartwatch Garmin;Daniel Wiles;masculino;dinheiro
2026-07-13 19:17:35.274629;1721;Rio de Janeiro;Pedro Souza;Notebook Dell Inspiron;Shawn Valentine;masculino;cartão de crédito
2026-07-13 20:18:45.869921;1722;Florianópolis;Gabriela Santos;Fone de Ouvido Sony;Micheal Goodwin;masculino;cartão de crédito
2026-07-14 15:44:39.582640;1723;São Paulo;Lucas Pereira;Smartwatch Garmin;Jeff Hill;masculino;boleto
2026-07-14 16:56:41.313404;1724;São Paulo;Ana Oliveira;Smartwatch Garmin;Jennifer Love;feminino;pix
2026-07-14 19:03:39.944056;1725;São Paulo;Lucas Pereira;Notebook Dell Inspiron;Roberto Pergola;masculino;pix
2026-07-14 20:59:44.124306;1726;Belo Horizonte;Carlos Silva;Notebook Dell Inspiron;Gary Hilyer;masculino;dinheiro
2026-07-14 21:51:40.410619;1727;Belo Horizonte;Fernanda Costa;Smartphone Samsung Galaxy;Joe Smith;masculino;dinheiro
2026-07-14 23:01:35.610185;1728;Belo Horizonte;Fernanda Costa;Notebook Dell Inspiron;Linda Tilotta;feminino;pix
2026-07-15 12:53:39.553218;1729;Porto Alegre;Roberto Ferreira;Tablet Apple Ipad;Dave Nguyen;masculino;dinheiro
2026-07-15 13:09:37.097655;1730;Rio de Janeiro;Pedro Souza;Smartphone Samsung Galaxy;James Cole;masculino;cartão de crédito
2026-07-15 15:39:38.292813;1731;São Paulo;Ana Oliveira;Fone de Ouvido Sony;Charles Dewitt;masculino;pix
2026-07-15 17:14:38.765363;1732;São Paulo;Lucas Pereira;Tablet Apple Ipad;Paul Landis;masculino;cartão de crédito
2026-07-15 18:21:38.678976;1733;Porto Alegre;Mariana Gomes;Tablet Apple Ipad;Heidi Archibald;feminino;pix
2026-07-15 18:35:42.044023;1734;Florianópolis;Tiago Lima;Tablet Apple Ipad;Helen Fontenot;feminino;pix
2026-07-15 18:50:42.297894;1735;Rio de Janeiro;Pedro Souza;Tablet Apple Ipad;Catherine Laperle;feminino;dinheiro
2026-07-15 19:13:41.335453;1736;São Paulo;Ana Oliveira;Fone de Ouvido Sony;Mark Ramirez;masculino;pix
2026-07-15 19:27:42.092959;1737;Porto Alegre;Roberto Ferreira;Tablet Apple Ipad;Henry Norton;masculino;boleto
2026-07-15 20:01:39.814983;1738;São Paulo;Lucas Pereira;Smartwatch Garmin;Shannon Johnson;feminino;boleto
2026-07-15 21:10:40.230450;1739;São Paulo;Ana Oliveira;Notebook Dell Inspiron;Billy Cantrell;masculino;cartão de crédito
2026-07-15 22:54:37.909341;1740;São Paulo;Ana Oliveira;Smartwatch Garmin;Otha Severy;masculino;dinheiro
2026-07-16 13:27:38.583844;1741;Belo Horizonte;Carlos Silva;Fone de Ouvido Sony;Norma Clark;feminino;boleto
2026-07-16 13:52:39.351953;1742;Rio de Janeiro;Pedro Souza;Smartwatch Garmin;Clarence Koslosky;masculino;dinheiro
2026-07-16 15:22:36.424551;1743;Belo Horizonte;Fernanda Costa;Smartphone Samsung Galaxy;Helen Ha;feminino;pix
2026-07-16 17:35:35.892124;1744;Belo Horizonte;Fernanda Costa;Notebook Dell Inspiron;Ross Kibbe;masculino;pix
2026-07-16 18:02:38.547909;1745;Porto Alegre;Roberto Ferreira;Smartphone Samsung Galaxy;Jean Jackson;feminino;boleto
2026-07-16 19:22:38.806642;1746;Florianópolis;Tiago Lima;Fone de Ouvido Sony;James Ebner;masculino;cartão de crédito
2026-07-16 21:34:41.095369;1747;Rio de Janeiro;Pedro Souza;Smartphone Samsung Galaxy;Michael Munroe;masculino;dinheiro
2026-07-17 14:11:45.417225;1748;Florianópolis;Gabriela Santos;Tablet Apple Ipad;Jason Deshields;masculino;pix
2026-07-17 15:42:36.814149;1749;Rio de Janeiro;Pedro Souza;Smartphone Samsung Galaxy;Marshall Fox;masculino;cartão de crédito
2026-07-17 17:04:38.377863;1750;Porto Alegre;Mariana Gomes;Smartphone Samsung Galaxy;David Morren;masculino;cartão de crédito
2026-07-17 22:42:40.595048;1751;Porto Alegre;Roberto Ferreira;Smartwatch Garmin;Benito Donaway;masculino;dinheiro
2026-07-17 22:54:43.156052;1752;Florianópolis;Tiago Lima;Notebook Dell Inspiron;Charles Moore;masculino;pix
2026-07-18 16:35:40.839750;1753;Belo Horizonte;Fernanda Costa;Tablet Apple Ipad;Juanita Freeze;feminino;dinheiro
2026-07-18 16:43:40.857244;1754;Florianópolis;Tiago Lima;Notebook Dell Inspiron;Gerald Bennett;masculino;boleto
2026-07-18 18:30:42.639566;1755;Florianópolis;Tiago Lima;Smartphone Samsung Galaxy;Juanita Wells;feminino;pix
2026-07-18 19:20:37.475475;1756;São Paulo;Ana Oliveira;Smartphone Samsung Galaxy;David Jackson;masculino;cartão de crédito
2026-07-18 20:56:38.509770;1757;Porto Alegre;Roberto Ferreira;Smartwatch Garmin;Richard Rayford;masculino;pix
2026-07-18 23:26:35.982288;1758;Florianópolis;Tiago Lima;Fone de Ouvido Sony;Frank Mulholland;masculino;pix
2026-07-19 19:29:44.729933;1759;São Paulo;Lucas Pereira;Smartphone Samsung Galaxy;Manuel Cuadrado;masculino;dinheiro
2026-07-19 20:20:46.018047;1760;Florianópolis;Gabriela Santos;Tablet Apple Ipad;Wade Hurst;masculino;cartão de crédito
2026-07-20 12:38:35.329151;1761;Belo Horizonte;Carlos Silva;Fone de Ouvido Sony;Diana Rozzi;feminino;dinheiro
2026-07-20 13:34:39.807635;1762;São Paulo;Ana Oliveira;Notebook Dell Inspiron;Natasha Williams;feminino;pix
2026-07-20 17:01:35.840890;1763;Belo Horizonte;Carlos Silva;Smartphone Samsung Galaxy;Mamie Osterstuck;feminino;dinheiro
2026-07-20 18:59:40.583879;1764;Florianópolis;Tiago Lima;Tablet Apple Ipad;Edith Disla;feminino;cartão de crédito
2026-07-20 19:25:39.802389;1765;Porto Alegre;Mariana Gomes;Tablet Apple Ipad;Sallie Starnes;feminino;dinheiro
2026-07-21 12:33:37.303317;1766;São Paulo;Lucas Pereira;Smartwatch Garmin;Kevin Sasso;masculino;boleto
2026-07-21 12:54:36.731877;1767;Florianópolis;Gabriela Santos;Fone de Ouvido Sony;Kendall Storm;masculino;boleto
2026-07-21 14:47:36.719406;1768;Belo Horizonte;Carlos Silva;Notebook Dell Inspiron;Catherine Wild;feminino;dinheiro
2026-07-21 16:35:38.585618;1769;Florianópolis;Gabriela Santos;Notebook Dell Inspiron;James Stevens;masculino;dinheiro
2026-07-21 21:47:45.707981;1770;Florianópolis;Gabriela Santos;Smartwatch Garmin;Debra Elliott;feminino;pix
2026-07-22 15:29:39.582430;1771;Rio de Janeiro;Juliana Almeida;Tablet Apple Ipad;Patrick Davis;masculino;dinheiro
2026-07-22 17:48:41.550409;1772;Belo Horizonte;Carlos Silva;Fone de Ouvido Sony;Lucinda Godfrey;feminino;boleto
2026-07-22 21:04:36.722529;1773;Florianópolis;Gabriela Santos;Smartphone Samsung Galaxy;Maria Spivey;feminino;dinheiro
2026-07-22 21:39:36.410525;1774;Belo Horizonte;Fernanda Costa;Fone de Ouvido Sony;Anne Sides;feminino;boleto
2026-07-23 12:51:43.479342;1775;Belo Horizonte;Carlos Silva;Notebook Dell Inspiron;Marty Givens;masculino;boleto
2026-07-23 14:08:42.093582;1776;Porto Alegre;Roberto Ferreira;Tablet Apple Ipad;Beverly Flowers;feminino;dinheiro
2026-07-23 15:07:35.559638;1777;Porto Alegre;Mariana Gomes;Smartwatch Garmin;Amelia Mcswain;feminino;cartão de crédito
2026-07-23 15:26:44.328709;1778;São Paulo;Lucas Pereira;Tablet Apple Ipad;Karen Dancy;feminino;boleto
2026-07-23 18:42:41.293490;1779;Porto Alegre;Mariana Gomes;Smartphone Samsung Galaxy;Katherine Torres;feminino;cartão de crédito
2026-07-23 20:40:38.106427;1780;Florianópolis;Tiago Lima;Notebook Dell Inspiron;Tommy Simmons;masculino;pix
2026-07-23 21:41:41.425561;1781;Porto Alegre;Roberto Ferreira;Smartwatch Garmin;Nick Gee;masculino;pix
2026-07-24 12:55:43.660277;1782;São Paulo;Ana Oliveira;Smartphone Samsung Galaxy;Pierre Rogers;masculino;cartão de crédito
2026-07-24 17:23:44.899755;1783;Porto Alegre;Mariana Gomes;Tablet Apple Ipad;Eric Spain;masculino;boleto
2026-07-24 18:22:39.897521;1784;Porto Alegre;Roberto Ferreira;Fone de Ouvido Sony;Heather Stinser;feminino;pix
2026-07-24 18:29:39.553673;1785;Rio de Janeiro;Juliana Almeida;Notebook Dell Inspiron;Yolanda Wright;feminino;boleto
2026-07-24 20:25:40.227954;1786;Porto Alegre;Roberto Ferreira;Fone de Ouvido Sony;Arlene Craft;feminino;cartão de crédito
2026-07-25 14:57:42.249653;1787;Rio de Janeiro;Juliana Almeida;Tablet Apple Ipad;James Kutzner;masculino;dinheiro
2026-07-25 15:30:40.007926;1788;Rio de Janeiro;Pedro Souza;Notebook Dell Inspiron;Shalonda Taylor;feminino;cartão de crédito
2026-07-25 17:05:37.401942;1789;São Paulo;Ana Oliveira;Notebook Dell Inspiron;William Busher;masculino;boleto
2026-07-25 17:20:39.610483;1790;Rio de Janeiro;Pedro Souza;Tablet Apple Ipad;Wayne Steinharter;masculino;boleto
2026-07-25 20:54:36.413029;1791;Rio de Janeiro;Pedro Souza;Notebook Dell Inspiron;Mercedes Gonzalez;feminino;dinheiro
2026-07-25 21:03:37.428236;1792;Porto Alegre;Roberto Ferreira;Smartphone Samsung Galaxy;Edith Hale;feminino;boleto
2026-07-25 22:17:35.603414;1793;Rio de Janeiro;Pedro Souza;Notebook Dell Inspiron;Lynne Kershner;feminino;pix
2026-07-25 22:43:37.463204;1794;São Paulo;Ana Oliveira;Fone de Ouvido Sony;Nathaniel Baker;masculino;boleto
2026-07-25 22:45:43.047796;1795;Porto Alegre;Mariana Gomes;Tablet Apple Ipad;Marjorie Sawicki;feminino;dinheiro
2026-07-26 15:39:36.202785;1796;São Paulo;Lucas Pereira;Tablet Apple Ipad;Adam Vaught;masculino;pix
2026-07-26 16:03:37.907769;1797;Belo Horizonte;Carlos Silva;Notebook Dell Inspiron;Edwin Winn;masculino;dinheiro
2026-07-26 19:19:36.905935;1798;São Paulo;Lucas Pereira;Tablet Apple Ipad;Anne Salas;feminino;pix
2026-07-26 19:53:41.390034;1799;Belo Horizonte;Carlos Silva;Tablet Apple Ipad;Diego Demarco;masculino;boleto
2026-07-26 20:17:42.975580;1800;Belo Horizonte;Carlos Silva;Tablet Apple Ipad;Christopher Ramirez;masculino;cartão de crédito
2026-07-26 21:07:38.898752;1801;Belo Horizonte;Carlos Silva;Smartphone Samsung Galaxy;Sherry Barnard;feminino;boleto
2026-07-27 18:37:45.453733;1802;Florianópolis;Tiago Lima;Notebook Dell Inspiron;Maryann Leishman;feminino;pix
2026-07-27 18:52:39.593718;1803;Belo Horizonte;Carlos Silva;Smartwatch Garmin;Richard Arrington;masculino;boleto
2026-07-27 19:03:35.999727;1804;Rio de Janeiro;Pedro Souza;Smartphone Samsung Galaxy;Betty Mcfarling;feminino;cartão de crédito
2026-07-27 19:39:41.777203;1805;São Paulo;Lucas Pereira;Notebook Dell Inspiron;Donald West;masculino;boleto
2026-07-27 22:12:40.353708;1806;Rio de Janeiro;Pedro Souza;Fone de Ouvido Sony;Brandon Ford;masculino;boleto
2026-07-27 22:47:37.352530;1807;Rio de Janeiro;Juliana Almeida;Tablet Apple Ipad;Kevin Bolduc;masculino;boleto
2026-07-28 12:45:45.104717;1808;Belo Horizonte;Carlos Silva;Smartphone Samsung Galaxy;Jeremy Murray;masculino;pix
2026-07-28 12:46:42.388618;1809;Belo Horizonte;Carlos Silva;Fone de Ouvido Sony;Leon Fung;masculino;dinheiro
2026-07-28 12:47:35.602542;1810;São Paulo;Ana Oliveira;Fone de Ouvido Sony;Charles Mayfield;masculino;dinheiro
2026-07-28 17:58:38.077201;1811;Rio de Janeiro;Pedro Souza;Tablet Apple Ipad;Deborah Harris;feminino;dinheiro
2026-07-29 13:07:36.492341;1812;Rio de Janeiro;Pedro Souza;Notebook Dell Inspiron;James Workman;masculino;boleto
2026-07-29 14:59:40.792355;1813;Porto Alegre;Mariana Gomes;Notebook Dell Inspiron;Jeffrey Orem;masculino;dinheiro
2026-07-29 16:14:36.360185;1814;Porto Alegre;Roberto Ferreira;Tablet Apple Ipad;Lula Lindquist;feminino;boleto
2026-07-29 17:28:35.343279;1815;São Paulo;Ana Oliveira;Smartwatch Garmin;Samuel Hale;masculino;cartão de crédito
2026-07-29 18:57:45.599623;1816;Rio de Janeiro;Pedro Souza;Smartwatch Garmin;Mark Patricio;masculino;cartão de crédito
2026-07-29 19:28:38.503030;1817;Belo Horizonte;Fernanda Costa;Smartwatch Garmin;Jose Gordon;masculino;pix
2026-07-29 20:52:42.492482;1818;Belo Horizonte;Carlos Silva;Notebook Dell Inspiron;Kimberly Livengood;feminino;pix
2026-07-29 20:58:45.111214;1819;Rio de Janeiro;Juliana Almeida;Tablet Apple Ipad;Marjorie Davis;feminino;pix
2026-07-29 21:54:35.836600;1820;Porto Alegre;Mariana Gomes;Fone de Ouvido Sony;Patti Guzman;feminino;cartão de crédito
2026-07-30 12:52:40.536524;1821;Florianópolis;Gabriela Santos;Tablet Apple Ipad;Javier Guerra;masculino;pix
2026-07-30 13:03:42.899446;1822;São Paulo;Lucas Pereira;Smartwatch Garmin;Terri Bungard;feminino;boleto
2026-07-30 15:07:45.403987;1823;Belo Horizonte;Carlos Silva;Smartwatch Garmin;Daniel Erwin;masculino;cartão de crédito
2026-07-30 19:28:42.497755;1824;Porto Alegre;Mariana Gomes;Tablet Apple Ipad;Maureen Thompson;feminino;pix
2026-07-30 21:11:42.836880;1825;Rio de Janeiro;Juliana Almeida;Fone de Ouvido Sony;Jose Ceballos;masculino;cartão de crédito
2026-07-30 22:46:39.020305;1826;Florianópolis;Tiago Lima;Fone de Ouvido Sony;Richard Reid;masculino;boleto
2026-07-31 13:14:35.357998;1827;Florianópolis;Tiago Lima;Smartphone Samsung Galaxy;Robyn Nunez;feminino;boleto
2026-07-31 14:42:40.424046;1828;Belo Horizonte;Fernanda Costa;Tablet Apple Ipad;Sandra Loeffler;feminino;dinheiro
2026-07-31 15:16:42.308631;1829;São Paulo;Lucas Pereira;Smartphone Samsung Galaxy;Timothy Dingmann;masculino;pix
2026-07-31 16:09:39.384696;1830;São Paulo;Lucas Pereira;Smartphone Samsung Galaxy;Mark Dailey;masculino;cartão de crédito
2026-07-31 16:29:37.528143;1831;Porto Alegre;Mariana Gomes;Fone de Ouvido Sony;Anthony Landis;masculino;pix
2026-07-31 19:09:42.386733;1832;Rio de Janeiro;Pedro Souza;Smartwatch Garmin;Robin Hammond;feminino;cartão de crédito
2026-07-31 21:34:36.124713;1833;Porto Alegre;Roberto Ferreira;Notebook Dell Inspiron;Billy Gibeau;masculino;dinheiro
2026-08-01 13:06:43.361971;1834;Belo Horizonte;Carlos Silva;Notebook Dell Inspiron;Christopher Johnson;masculino;dinheiro
2026-08-01 19:45:36.730800;1835;Florianópolis;Tiago Lima;Notebook Dell Inspiron;Bradley Sampson;masculino;boleto
2026-08-01 19:51:40.732686;1836;Belo Horizonte;Carlos Silva;Fone de Ouvido Sony;Georgia Stern;feminino;boleto
2026-08-01 22:53:36.174764;1837;Belo Horizonte;Fernanda Costa;Smartphone Samsung Galaxy;Tamara Rose;feminino;pix
2026-08-02 12:32:41.471122;1838;Porto Alegre;Mariana Gomes;Smartphone Samsung Galaxy;Michael Martinez;masculino;pix
2026-08-02 12:35:45.752332;1839;Belo Horizonte;Carlos Silva;Smartwatch Garmin;Wayne Johnson;masculino;cartão de crédito
2026-08-02 12:43:35.450555;1840;Rio de Janeiro;Pedro Souza;Tablet Apple Ipad;Eloise Cunningham;feminino;pix
2026-08-02 14:36:37.527055;1841;Rio de Janeiro;Juliana Almeida;Notebook Dell Inspiron;Fletcher Terrell;masculino;pix
2026-08-02 15:31:40.350685;1842;Belo Horizonte;Carlos Silva;Tablet Apple Ipad;Jessica Weaver;feminino;dinheiro
2026-08-02 16:10:37.980525;1843;Rio de Janeiro;Juliana Almeida;Fone de Ouvido Sony;Christine Sullivan;feminino;cartão de crédito
2026-08-02 16:33:43.629270;1844;Porto Alegre;Roberto Ferreira;Smartwatch Garmin;Maile Blackburn;feminino;pix
2026-08-02 17:13:39.472018;1845;Rio de Janeiro;Pedro Souza;Tablet Apple Ipad;Jennifer Williams;feminino;dinheiro
2026-08-02 22:01:37.311707;1846;Belo Horizonte;Fernanda Costa;Smartwatch Garmin;Amber Cook;feminino;cartão de crédito
2026-08-03 16:59:38.363014;1847;Porto Alegre;Mariana Gomes;Tablet Apple Ipad;Richard Laverdiere;masculino;cartão de crédito
2026-08-03 17:22:40.263839;1848;Florianópolis;Gabriela Santos;Notebook Dell Inspiron;Timothy Micciche;masculino;pix
2026-08-03 18:23:38.071263;1849;São Paulo;Lucas Pereira;Tablet Apple Ipad;Lorraine Becker;feminino;cartão de crédito
2026-08-03 20:39:42.758181;1850;São Paulo;Ana Oliveira;Fone de Ouvido Sony;Kristy Burns;feminino;cartão de crédito
2026-08-03 20:44:45.543011;1851;Florianópolis;Tiago Lima;Smartwatch Garmin;Barbara Layel;feminino;boleto
2026-08-03 21:33:45.942611;1852;Florianópolis;Tiago Lima;Smartphone Samsung Galaxy;Garry Miller;masculino;cartão de crédito
2026-08-03 22:31:37.098522;1853;Rio de Janeiro;Pedro Souza;Smartphone Samsung Galaxy;Woodrow Mutz;masculino;boleto
2026-08-04 14:42:40.526548;1854;São Paulo;Lucas Pereira;Fone de Ouvido Sony;Grant Abney;masculino;dinheiro
2026-08-04 14:56:37.393830;1855;Rio de Janeiro;Pedro Souza;Smartwatch Garmin;Lawrence Daggett;masculino;cartão de crédito
2026-08-04 16:03:38.473774;1856;Belo Horizonte;Carlos Silva;Smartphone Samsung Galaxy;James Miller;masculino;cartão de crédito
2026-08-04 16:13:35.490817;1857;Florianópolis;Gabriela Santos;Notebook Dell Inspiron;Dorothy Riches;feminino;dinheiro
2026-08-04 20:20:35.735683;1858;Florianópolis;Gabriela Santos;Smartwatch Garmin;Evangeline Myers;feminino;dinheiro
2026-08-05 16:20:45.916188;1859;São Paulo;Lucas Pereira;Fone de Ouvido Sony;Gloria Schlater;feminino;dinheiro
2026-08-05 17:10:44.645090;1860;Porto Alegre;Mariana Gomes;Tablet Apple Ipad;Teresa Dolson;feminino;dinheiro
2026-08-05 17:23:41.828398;1861;Rio de Janeiro;Juliana Almeida;Smartwatch Garmin;Robert Walker;masculino;cartão de crédito
2026-08-05 22:19:35.325456;1862;Florianópolis;Gabriela Santos;Notebook Dell Inspiron;James Nolte;masculino;dinheiro
2026-08-06 13:17:40.666130;1863;Rio de Janeiro;Juliana Almeida;Smartphone Samsung Galaxy;Harold Stimmell;masculino;dinheiro
2026-08-06 22:48:35.367333;1864;São Paulo;Ana Oliveira;Smartwatch Garmin;Florence Lively;feminino;boleto
2026-08-07 12:34:39.525486;1865;Porto Alegre;Roberto Ferreira;Notebook Dell Inspiron;Maribel Rubio;feminino;dinheiro
2026-08-07 21:49:39.961775;1866;Rio de Janeiro;Pedro Souza;Notebook Dell Inspiron;Frances Shibuya;feminino;boleto
2026-08-07 22:19:37.113115;1867;Porto Alegre;Roberto Ferreira;Fone de Ouvido Sony;Nicole Wood;feminino;pix
2026-08-07 23:25:39.484156;1868;Belo Horizonte;Fernanda Costa;Smartwatch Garmin;Karen Engstrom;feminino;boleto
2026-08-08 13:08:42.832325;1869;Florianópolis;Tiago Lima;Smartwatch Garmin;John Yu;masculino;pix
2026-08-08 15:23:38.585869;1870;Rio de Janeiro;Juliana Almeida;Smartwatch Garmin;Charles Scott;masculino;pix
2026-08-08 17:48:39.031732;1871;Belo Horizonte;Fernanda Costa;Tablet Apple Ipad;David Santiago;masculino;dinheiro
2026-08-08 19:36:39.440100;1872;Belo Horizonte;Carlos Silva;Smartphone Samsung Galaxy;Karl Lacuesta;masculino;boleto
2026-08-08 22:32:36.037763;1873;São Paulo;Lucas Pereira;Fone de Ouvido Sony;Milton Malachi;masculino;dinheiro
2026-08-09 14:23:38.071746;1874;Belo Horizonte;Fernanda Costa;Notebook Dell Inspiron;Louis Fontenot;masculino;pix
2026-08-09 15:36:39.862016;1875;Florianópolis;Tiago Lima;Tablet Apple Ipad;Katherine Donoghue;feminino;boleto
2026-08-09 17:07:41.270589;1876;Porto Alegre;Roberto Ferreira;Notebook Dell Inspiron;Elaine Mccaleb;feminino;dinheiro
2026-08-09 17:44:38.426121;1877;Porto Alegre;Roberto Ferreira;Tablet Apple Ipad;Eric Berry;masculino;dinheiro
2026-08-09 18:05:41.829919;1878;Porto Alegre;Mariana Gomes;Smartphone Samsung Galaxy;Dennis Mason;masculino;cartão de crédito
2026-08-09 19:22:38.852877;1879;Belo Horizonte;Fernanda Costa;Fone de Ouvido Sony;Helena Guimond;feminino;pix
2026-08-09 20:26:37.118864;1880;Belo Horizonte;Fernanda Costa;Fone de Ouvido Sony;Patricia Hamm;feminino;pix
2026-08-09 20:33:42.658542;1881;Porto Alegre;Mariana Gomes;Fone de Ouvido Sony;Julie Creach;feminino;boleto
2026-08-09 20:48:43.642936;1882;Florianópolis;Tiago Lima;Notebook Dell Inspiron;Sara Lanterman;feminino;cartão de crédito
2026-08-09 22:30:37.356123;1883;Belo Horizonte;Carlos Silva;Smartwatch Garmin;Doris Adams;feminino;pix
2026-08-09 22:35:42.083056;1884;Rio de Janeiro;Juliana Almeida;Tablet Apple Ipad;Mark Nicholson;masculino;boleto
2026-08-09 23:04:44.894426;1885;São Paulo;Ana Oliveira;Fone de Ouvido Sony;Bonnie Strange;feminino;boleto
2026-08-10 14:10:35.231100;1886;Florianópolis;Tiago Lima;Fone de Ouvido Sony;Francisco Lesinski;masculino;cartão de crédito
2026-08-10 14:30:37.352211;1887;Porto Alegre;Roberto Ferreira;Smartwatch Garmin;Megan Foster;feminino;dinheiro
2026-08-10 14:59:36.934811;1888;Rio de Janeiro;Juliana Almeida;Fone de Ouvido Sony;David Madry;masculino;dinheiro
2026-08-10 16:54:37.177634;1889;Porto Alegre;Roberto Ferreira;Smartwatch Garmin;Owen Barclay;masculino;pix
2026-08-10 20:08:40.479597;1890;Porto Alegre;Roberto Ferreira;Tablet Apple Ipad;Janee Olds;feminino;cartão de crédito
2026-08-10 22:02:37.505658;1891;Rio de Janeiro;Juliana Almeida;Fone de Ouvido Sony;David Phillips;masculino;pix
2026-08-11 14:05:45.435005;1892;São Paulo;Ana Oliveira;Notebook Dell Inspiron;Marilyn Johnson;feminino;dinheiro
2026-08-11 15:51:45.616175;1893;Belo Horizonte;Carlos Silva;Notebook Dell Inspiron;Connie Washington;feminino;cartão de crédito
2026-08-11 17:02:44.494546;1894;Belo Horizonte;Fernanda Costa;Smartwatch Garmin;Melvin Jean;masculino;dinheiro
2026-08-11 17:10:39.527598;1895;Rio de Janeiro;Pedro Souza;Smartwatch Garmin;Cody Owens;masculino;cartão de crédito
2026-08-11 18:21:36.318546;1896;Florianópolis;Tiago Lima;Smartwatch Garmin;Gary Giammarino;masculino;cartão de crédito
2026-08-11 18:34:40.788503;1897;Rio de Janeiro;Pedro Souza;Tablet Apple Ipad;Brenda Taggart;feminino;pix
2026-08-11 19:22:42.538764;1898;Belo Horizonte;Carlos Silva;Notebook Dell Inspiron;Cynthia Sieving;feminino;cartão de crédito
2026-08-11 19:23:41.570542;1899;Belo Horizonte;Carlos Silva;Smartphone Samsung Galaxy;Richard Wimmer;masculino;boleto
2026-08-11 22:49:36.627685;1900;Florianópolis;Gabriela Santos;Smartwatch Garmin;Mitch Williams;masculino;boleto
2026-08-12 13:23:41.968332;1901;Belo Horizonte;Carlos Silva;Smartphone Samsung Galaxy;Jesus Cranford;masculino;cartão de crédito
2026-08-12 15:23:43.395476;1902;Rio de Janeiro;Juliana Almeida;Smartwatch Garmin;Genevieve Pritchard;feminino;boleto
2026-08-12 16:18:39.998687;1903;São Paulo;Ana Oliveira;Smartwatch Garmin;Sharon Helm;feminino;pix
2026-08-12 19:10:41.045999;1904;Rio de Janeiro;Pedro Souza;Notebook Dell Inspiron;Neville Delgado;masculino;cartão de crédito
2026-08-13 14:57:40.835740;1905;Porto Alegre;Roberto Ferreira;Fone de Ouvido Sony;Gloria Durfee;feminino;pix
2026-08-13 15:10:38.077422;1906;Porto Alegre;Roberto Ferreira;Smartwatch Garmin;Ruby Beasley;feminino;cartão de crédito
2026-08-13 16:52:35.770701;1907;Rio de Janeiro;Pedro Souza;Fone de Ouvido Sony;Renee Rathke;feminino;boleto
2026-08-13 18:33:41.538239;1908;Belo Horizonte;Fernanda Costa;Notebook Dell Inspiron;Eric Melendez;masculino;cartão de crédito
2026-08-13 18:36:39.387473;1909;Rio de Janeiro;Pedro Souza;Notebook Dell Inspiron;Ashley White;feminino;cartão de crédito
2026-08-13 19:44:39.528294;1910;Belo Horizonte;Carlos Silva;Tablet Apple Ipad;Irene Barker;feminino;dinheiro
2026-08-14 12:51:45.846380;1911;São Paulo;Lucas Pereira;Fone de Ouvido Sony;Shirley Jordan;feminino;boleto
2026-08-14 13:05:41.883506;1912;Belo Horizonte;Carlos Silva;Notebook Dell Inspiron;Heather Laughlin;feminino;pix
2026-08-14 14:23:43.724869;1913;São Paulo;Ana Oliveira;Smartwatch Garmin;Hilary Lucia;feminino;cartão de crédito
2026-08-14 18:05:38.933465;1914;Belo Horizonte;Carlos Silva;Smartwatch Garmin;Inez Febres;feminino;pix
2026-08-14 19:18:40.561872;1915;São Paulo;Lucas Pereira;Tablet Apple Ipad;Emma Blank;feminino;boleto
2026-08-15 15:34:35.250542;1916;Porto Alegre;Mariana Gomes;Fone de Ouvido Sony;Israel Niedringhaus;masculino;cartão de crédito
2026-08-15 15:52:40.913243;1917;Porto Alegre;Mariana Gomes;Fone de Ouvido Sony;David Darden;masculino;pix
2026-08-15 22:21:36.862333;1918;Rio de Janeiro;Pedro Souza;Smartwatch Garmin;William Lytell;masculino;boleto
2026-08-16 13:34:40.761502;1919;Porto Alegre;Mariana Gomes;Tablet Apple Ipad;Alice Costa;feminino;cartão de crédito
2026-08-16 16:44:44.631087;1920;Florianópolis;Tiago Lima;Smartphone Samsung Galaxy;Jason Sheldon;masculino;cartão de crédito
2026-08-16 17:23:44.182384;1921;Belo Horizonte;Carlos Silva;Fone de Ouvido Sony;Latasha Shorey;feminino;boleto
2026-08-16 18:49:43.616357;1922;Porto Alegre;Mariana Gomes;Smartwatch Garmin;Fred Stclair;masculino;dinheiro
2026-08-16 19:57:45.407047;1923;São Paulo;Lucas Pereira;Tablet Apple Ipad;Diane Figueiredo;feminino;cartão de crédito
2026-08-16 20:37:42.370829;1924;Rio de Janeiro;Pedro Souza;Fone de Ouvido Sony;Charles Sampson;masculino;pix
2026-08-17 13:00:38.242454;1925;Florianópolis;Tiago Lima;Tablet Apple Ipad;Virginia Grier;feminino;boleto
2026-08-17 13:57:41.638017;1926;São Paulo;Lucas Pereira;Notebook Dell Inspiron;Jerry Miera;masculino;cartão de crédito
2026-08-17 16:57:35.352969;1927;Rio de Janeiro;Pedro Souza;Fone de Ouvido Sony;Steve Marin;masculino;dinheiro
2026-08-17 18:07:38.150852;1928;Rio de Janeiro;Pedro Souza;Smartphone Samsung Galaxy;Lloyd Broker;masculino;boleto
2026-08-17 18:56:39.337902;1929;Florianópolis;Gabriela Santos;Fone de Ouvido Sony;Lisa Maddox;feminino;cartão de crédito
2026-08-17 19:01:37.623821;1930;Florianópolis;Gabriela Santos;Notebook Dell Inspiron;Kristy Jacobsen;feminino;pix
2026-08-18 14:31:45.395006;1931;Belo Horizonte;Fernanda Costa;Fone de Ouvido Sony;David Ivey;masculino;boleto
2026-08-18 16:41:39.477783;1932;Rio de Janeiro;Pedro Souza;Tablet Apple Ipad;Miriam Jackson;feminino;dinheiro
2026-08-18 19:24:42.579885;1933;São Paulo;Ana Oliveira;Fone de Ouvido Sony;Hazel Alford;feminino;dinheiro
2026-08-18 21:22:38.251976;1934;Belo Horizonte;Fernanda Costa;Notebook Dell Inspiron;Mary Wheeler;feminino;boleto
2026-08-18 22:08:40.008937;1935;São Paulo;Lucas Pereira;Tablet Apple Ipad;Doreen Cox;feminino;pix
2026-08-19 14:37:45.100926;1936;Rio de Janeiro;Juliana Almeida;Smartphone Samsung Galaxy;Kimberly Kaminski;feminino;cartão de crédito
2026-08-19 15:46:41.890574;1937;Porto Alegre;Roberto Ferreira;Smartphone Samsung Galaxy;Laura Brown;feminino;boleto
2026-08-19 16:05:39.032080;1938;São Paulo;Lucas Pereira;Tablet Apple Ipad;Roger Sweeney;masculino;boleto
2026-08-20 13:40:45.451198;1939;Porto Alegre;Roberto Ferreira;Smartphone Samsung Galaxy;Joyce Hargis;feminino;dinheiro
2026-08-20 14:24:39.566271;1940;Belo Horizonte;Fernanda Costa;Smartwatch Garmin;Matt Sherrill;masculino;boleto
2026-08-20 15:55:36.484859;1941;São Paulo;Lucas Pereira;Tablet Apple Ipad;Alice Gilbert;feminino;cartão de crédito
2026-08-20 17:59:40.389819;1942;Florianópolis;Tiago Lima;Fone de Ouvido Sony;Fred Davis;masculino;cartão de crédito
2026-08-20 18:40:45.245490;1943;Florianópolis;Tiago Lima;Tablet Apple Ipad;Brandon Peters;masculino;boleto
2026-08-20 19:51:36.716813;1944;Rio de Janeiro;Pedro Souza;Smartphone Samsung Galaxy;Beth Saucier;feminino;cartão de crédito
2026-08-20 23:20:38.067413;1945;Porto Alegre;Mariana Gomes;Notebook Dell Inspiron;Dorothy Davis;feminino;pix
2026-08-21 13:25:40.036983;1946;Belo Horizonte;Fernanda Costa;Notebook Dell Inspiron;James Loughry;masculino;cartão de crédito
2026-08-21 15:00:39.578606;1947;Rio de Janeiro;Juliana Almeida;Tablet Apple Ipad;Cody Eggert;masculino;pix
2026-08-21 15:52:38.377083;1948;Florianópolis;Tiago Lima;Smartwatch Garmin;Jeannette James;feminino;boleto
2026-08-21 16:15:38.719330;1949;Porto Alegre;Roberto Ferreira;Notebook Dell Inspiron;Melissa Flynn;feminino;boleto
2026-08-21 16:59:39.259714;1950;Florianópolis;Gabriela Santos;Smartwatch Garmin;Doris Dorman;feminino;boleto
2026-08-21 19:25:45.503010;1951;Florianópolis;Gabriela Santos;Tablet Apple Ipad;Margaretta Burke;feminino;boleto
2026-08-22 12:31:41.666283;1952;São Paulo;Lucas Pereira;Tablet Apple Ipad;Connie Landry;feminino;pix
2026-08-22 13:13:45.077004;1953;Florianópolis;Gabriela Santos;Fone de Ouvido Sony;Norma Moore;feminino;dinheiro
2026-08-22 16:13:42.759614;1954;Belo Horizonte;Carlos Silva;Tablet Apple Ipad;Franklin Wei;masculino;cartão de crédito
2026-08-22 20:29:41.367888;1955;Belo Horizonte;Fernanda Costa;Tablet Apple Ipad;Dorothy Bursley;feminino;cartão de crédito
2026-08-23 13:09:41.047202;1956;Belo Horizonte;Carlos Silva;Smartphone Samsung Galaxy;Deborah Dunne;feminino;cartão de crédito
2026-08-23 16:59:38.184168;1957;Belo Horizonte;Fernanda Costa;Smartwatch Garmin;John Brunner;masculino;boleto
2026-08-23 17:18:45.943313;1958;Rio de Janeiro;Juliana Almeida;Smartwatch Garmin;Irene Haynes;feminino;pix
2026-08-23 17:32:35.444682;1959;Florianópolis;Tiago Lima;Smartphone Samsung Galaxy;Samantha Powers;feminino;cartão de crédito
2026-08-23 21:02:36.300537;1960;Belo Horizonte;Fernanda Costa;Notebook Dell Inspiron;Michael Jackson;masculino;pix
2026-08-23 22:42:42.776879;1961;Belo Horizonte;Carlos Silva;Tablet Apple Ipad;Hugh Wheeler;masculino;pix
2026-08-24 13:12:39.457625;1962;Porto Alegre;Mariana Gomes;Smartphone Samsung Galaxy;Tommie Cazares;feminino;boleto
2026-08-24 15:38:37.612360;1963;São Paulo;Lucas Pereira;Smartwatch Garmin;Kelsey Rhynes;feminino;boleto
2026-08-24 16:27:41.834571;1964;Florianópolis;Gabriela Santos;Fone de Ouvido Sony;Tammy Charlton;feminino;dinheiro
2026-08-24 18:41:38.361151;1965;Rio de Janeiro;Pedro Souza;Smartphone Samsung Galaxy;Tanya Hiatt;feminino;dinheiro
2026-08-24 20:37:43.786768;1966;Belo Horizonte;Carlos Silva;Smartphone Samsung Galaxy;Jennifer Sea;feminino;pix
2026-08-24 21:13:38.704733;1967;Belo Horizonte;Fernanda Costa;Notebook Dell Inspiron;Sheila Wright;feminino;cartão de crédito
2026-08-24 21:41:44.190026;1968;Porto Alegre;Roberto Ferreira;Fone de Ouvido Sony;Paula Elmore;feminino;dinheiro
2026-08-24 21:46:41.411051;1969;São Paulo;Lucas Pereira;Smartphone Samsung Galaxy;Frances Abrams;feminino;dinheiro
2026-08-25 16:09:37.174937;1970;Porto Alegre;Roberto Ferreira;Tablet Apple Ipad;Laurie Weeks;feminino;pix
2026-08-25 17:37:41.890799;1971;Florianópolis;Gabriela Santos;Tablet Apple Ipad;William Garcia;masculino;boleto
2026-08-25 19:05:41.427444;1972;São Paulo;Ana Oliveira;Notebook Dell Inspiron;Kimberly Foote;feminino;boleto
2026-08-25 20:35:45.928447;1973;Belo Horizonte;Fernanda Costa;Tablet Apple Ipad;Thomas Bulmer;masculino;dinheiro
2026-08-25 20:54:35.652841;1974;São Paulo;Ana Oliveira;Notebook Dell Inspiron;James Rivera;masculino;dinheiro
2026-08-25 22:21:43.482939;1975;Porto Alegre;Roberto Ferreira;Notebook Dell Inspiron;Roberto Grijalva;masculino;cartão de crédito
2026-08-25 23:20:44.225593;1976;São Paulo;Ana Oliveira;Fone de Ouvido Sony;John Williams;masculino;dinheiro
2026-08-26 15:03:39.145224;1977;Florianópolis;Gabriela Santos;Smartwatch Garmin;Susan Olsen;feminino;boleto
2026-08-26 18:31:36.563192;1978;Florianópolis;Gabriela Santos;Smartwatch Garmin;Walter Robinson;masculino;boleto
2026-08-26 23:16:40.550187;1979;São Paulo;Lucas Pereira;Fone de Ouvido Sony;Gertrude Delaney;feminino;dinheiro
2026-08-27 15:21:36.422705;1980;Florianópolis;Tiago Lima;Fone de Ouvido Sony;Sammy Lombardi;masculino;boleto
2026-08-27 18:56:41.605343;1981;São Paulo;Ana Oliveira;Smartwatch Garmin;Willia Deblauw;feminino;cartão de crédito
2026-08-27 19:55:41.778008;1982;Rio de Janeiro;Juliana Almeida;Tablet Apple Ipad;Renee Hanlon;feminino;pix
2026-08-27 20:22:40.304829;1983;Belo Horizonte;Carlos Silva;Tablet Apple Ipad;Maria Mcbride;feminino;pix
2026-08-27 21:12:42.755117;1984;Porto Alegre;Roberto Ferreira;Tablet Apple Ipad;Kayla Belton;feminino;dinheiro
2026-08-27 21:39:38.372482;1985;Rio de Janeiro;Juliana Almeida;Smartwatch Garmin;Jeffrey Dale;masculino;dinheiro
2026-08-28 12:47:36.559717;1986;Florianópolis;Tiago Lima;Notebook Dell Inspiron;Lulu Jones;feminino;dinheiro
2026-08-28 12:55:45.542142;1987;Porto Alegre;Roberto Ferreira;Smartwatch Garmin;Adam Dotson;masculino;pix
2026-08-28 17:02:35.178204;1988;Florianópolis;Tiago Lima;Smartwatch Garmin;Kendra Stone;feminino;cartão de crédito
2026-08-28 17:03:40.660620;1989;Florianópolis;Tiago Lima;Smartphone Samsung Galaxy;Mary Renshaw;feminino;boleto
2026-08-28 19:50:45.714691;1990;Belo Horizonte;Fernanda Costa;Smartwatch Garmin;Edgar Marmon;masculino;cartão de crédito
2026-08-28 20:15:40.263439;1991;Porto Alegre;Roberto Ferreira;Notebook Dell Inspiron;Patrick Johnson;masculino;pix
2026-08-28 21:05:43.731052;1992;Florianópolis;Tiago Lima;Notebook Dell Inspiron;Joseph Eaton;masculino;boleto
2026-08-28 22:17:41.294004;1993;Belo Horizonte;Carlos Silva;Smartphone Samsung Galaxy;Joe Vargas;masculino;dinheiro
2026-08-28 22:52:39.816442;1994;Florianópolis;Tiago Lima;Smartphone Samsung Galaxy;John Key;masculino;boleto
2026-08-29 16:01:36.758808;1995;Florianópolis;Gabriela Santos;Tablet Apple Ipad;Michael Riederer;masculino;pix
2026-08-29 16:37:37.113944;1996;Belo Horizonte;Fernanda Costa;Smartwatch Garmin;Rhonda Franklin;feminino;dinheiro
2026-08-29 19:35:36.014936;1997;Rio de Janeiro;Juliana Almeida;Fone de Ouvido Sony;Vicky Rose;feminino;boleto
2026-08-29 21:18:39.483821;1998;Belo Horizonte;Carlos Silva;Tablet Apple Ipad;John Valdez;masculino;cartão de crédito
2026-08-29 22:28:41.515218;1999;Belo Horizonte;Fernanda Costa;Tablet Apple Ipad;Albert Simmerman;masculino;boleto
